Area Name,Occupation Name,Base,Projection,Change,Percent Change,Average Annual Openings,Unnamed: 7,Unnamed: 8,Unnamed: 9,Unnamed: 10,Unnamed: 11,Unnamed: 12,Unnamed: 13,Unnamed: 14,Unnamed: 15,Unnamed: 16,Unnamed: 17,Unnamed: 18,Unnamed: 19,Unnamed: 20,Unnamed: 21,Unnamed: 22,Unnamed: 23,Unnamed: 24,Unnamed: 25,Unnamed: 26,Unnamed: 27,Unnamed: 28,Unnamed: 29
Alabama,"Total, All Occupations",2175920,2281610,105690,4.9,266620,,,,,,,,,,,,,,,,,,,,,,,
Alabama,Chief Executives,2390,2270,-120,-5.0,150,,,,,,,,,,,,,,,,,,,,,,,
Alabama,General and Operations Managers,29940,32280,2340,7.8,2940,,,,,,,,,,,,,,,,,,,,,,,
Alabama,Legislators,1150,1200,50,4.3,90,,,,,,,,,,,,,,,,,,,,,,,
Alabama,Advertising and Promotions Managers,80,80,0,0.0,10,,,,,,,,,,,,,,,,,,,,,,,
Alabama,Marketing Managers,950,1030,80,8.4,100,,,,,,,,,,,,,,,,,,,,,,,
Alabama,Sales Managers,2740,2910,170,6.2,270,,,,,,,,,,,,,,,,,,,,,,,
Alabama,Public Relations and Fundraising Managers,570,610,40,7.0,50,,,,,,,,,,,,,,,,,,,,,,,
Alabama,Administrative Services Managers,880,950,70,8.0,80,,,,,,,,,,,,,,,,,,,,,,,
Alabama,Computer and Information Systems Managers,3410,3880,470,13.8,330,,,,,,,,,,,,,,,,,,,,,,,
Alabama,Financial Managers,5310,6180,870,16.4,530,,,,,,,,,,,,,,,,,,,,,,,
Alabama,Industrial Production Managers,3610,4060,450,12.5,320,,,,,,,,,,,,,,,,,,,,,,,
Alabama,Purchasing Managers,860,930,70,8.1,80,,,,,,,,,,,,,,,,,,,,,,,
Alabama,"Transportation, Storage, and Distribution Managers",1070,1150,80,7.5,100,,,,,,,,,,,,,,,,,,,,,,,
Alabama,Compensation and Benefits Managers,60,60,0,0.0,10,,,,,,,,,,,,,,,,,,,,,,,
Alabama,Human Resources Managers,1350,1450,100,7.4,130,,,,,,,,,,,,,,,,,,,,,,,
Alabama,Training and Development Managers,160,170,10,6.3,20,,,,,,,,,,,,,,,,,,,,,,,
Alabama,"Farmers, Ranchers, and Other Agricultural Managers",16540,16510,-30,-0.2,1640,,,,,,,,,,,,,,,,,,,,,,,
Alabama,Construction Managers,5240,5650,410,7.8,430,,,,,,,,,,,,,,,,,,,,,,,
Alabama,"Education Administrators, Preschool and Childcare Center/Program",650,690,40,6.2,60,,,,,,,,,,,,,,,,,,,,,,,
Alabama,"Education Administrators, Elementary and Secondary School",3710,3840,130,3.5,310,,,,,,,,,,,,,,,,,,,,,,,
Alabama,"Education Administrators, Postsecondary",2410,2560,150,6.2,210,,,,,,,,,,,,,,,,,,,,,,,
Alabama,"Education Administrators, All Other",680,700,20,2.9,60,,,,,,,,,,,,,,,,,,,,,,,
Alabama,Architectural and Engineering Managers,2320,2510,190,8.2,190,,,,,,,,,,,,,,,,,,,,,,,
Alabama,Food Service Managers,4050,4340,290,7.2,510,,,,,,,,,,,,,,,,,,,,,,,
Alabama,Funeral Service Managers,340,360,20,5.9,30,,,,,,,,,,,,,,,,,,,,,,,
Alabama,Gaming Managers,20,20,0,0.0,0,,,,,,,,,,,,,,,,,,,,,,,
Alabama,Lodging Managers,660,710,50,7.6,80,,,,,,,,,,,,,,,,,,,,,,,
Alabama,Medical and Health Services Managers,3680,4180,500,13.6,360,,,,,,,,,,,,,,,,,,,,,,,
Alabama,Natural Sciences Managers,140,150,10,7.1,10,,,,,,,,,,,,,,,,,,,,,,,
Alabama,Postmasters and Mail Superintendents,260,210,-50,-19.2,10,,,,,,,,,,,,,,,,,,,,,,,
Alabama,"Property, Real Estate, and Community Association Managers",3030,3190,160,5.3,260,,,,,,,,,,,,,,,,,,,,,,,
Alabama,Social and Community Service Managers,1460,1590,130,8.9,140,,,,,,,,,,,,,,,,,,,,,,,
Alabama,Emergency Management Directors,200,210,10,5.0,20,,,,,,,,,,,,,,,,,,,,,,,
Alabama,"Managers, All Other",9540,9970,430,4.5,780,,,,,,,,,,,,,,,,,,,,,,,
Alabama,"Agents and Business Managers of Artists, Performers, and Athletes",80,80,0,0.0,10,,,,,,,,,,,,,,,,,,,,,,,
Alabama,Buyers and Purchasing Agents,6620,6430,-190,-2.9,660,,,,,,,,,,,,,,,,,,,,,,,
Alabama,"Claims Adjusters, Examiners, and Investigators",4220,4040,-180,-4.3,330,,,,,,,,,,,,,,,,,,,,,,,
Alabama,"Insurance Appraisers, Auto Damage",380,420,40,10.5,40,,,,,,,,,,,,,,,,,,,,,,,
Alabama,Compliance Officers,1740,1840,100,5.7,170,,,,,,,,,,,,,,,,,,,,,,,
Alabama,Cost Estimators,2230,2440,210,9.4,250,,,,,,,,,,,,,,,,,,,,,,,
Alabama,Human Resources Specialists,5620,5930,310,5.5,610,,,,,,,,,,,,,,,,,,,,,,,
Alabama,Farm Labor Contractors,60,70,10,16.7,10,,,,,,,,,,,,,,,,,,,,,,,
Alabama,Labor Relations Specialists,1000,940,-60,-6.0,90,,,,,,,,,,,,,,,,,,,,,,,
Alabama,Logisticians,3650,3920,270,7.4,390,,,,,,,,,,,,,,,,,,,,,,,
Alabama,Management Analysts,6510,7520,1010,15.5,760,,,,,,,,,,,,,,,,,,,,,,,
Alabama,"Meeting, Convention, and Event Planners",880,940,60,6.8,110,,,,,,,,,,,,,,,,,,,,,,,
Alabama,Fundraisers,960,1030,70,7.3,110,,,,,,,,,,,,,,,,,,,,,,,
Alabama,"Compensation, Benefits, and Job Analysis Specialists",680,700,20,2.9,70,,,,,,,,,,,,,,,,,,,,,,,
Alabama,Training and Development Specialists,2470,2730,260,10.5,300,,,,,,,,,,,,,,,,,,,,,,,
Alabama,Market Research Analysts and Marketing Specialists,4270,5130,860,20.1,570,,,,,,,,,,,,,,,,,,,,,,,
Alabama,"Business Operations Specialists, All Other",7690,8010,320,4.2,790,,,,,,,,,,,,,,,,,,,,,,,
Alabama,Accountants and Auditors,17930,19200,1270,7.1,1860,,,,,,,,,,,,,,,,,,,,,,,
Alabama,Appraisers and Assessors of Real Estate,940,980,40,4.3,80,,,,,,,,,,,,,,,,,,,,,,,
Alabama,Budget Analysts,920,990,70,7.6,80,,,,,,,,,,,,,,,,,,,,,,,
Alabama,Credit Analysts,470,500,30,6.4,50,,,,,,,,,,,,,,,,,,,,,,,
Alabama,Financial Analysts,1540,1680,140,9.1,150,,,,,,,,,,,,,,,,,,,,,,,
Alabama,Personal Financial Advisors,2850,3040,190,6.7,240,,,,,,,,,,,,,,,,,,,,,,,
Alabama,Insurance Underwriters,1060,1000,-60,-5.7,80,,,,,,,,,,,,,,,,,,,,,,,
Alabama,Financial Examiners,1160,1270,110,9.5,100,,,,,,,,,,,,,,,,,,,,,,,
Alabama,Credit Counselors,190,200,10,5.3,20,,,,,,,,,,,,,,,,,,,,,,,
Alabama,Loan Officers,4010,4360,350,8.7,380,,,,,,,,,,,,,,,,,,,,,,,
Alabama,"Tax Examiners and Collectors, and Revenue Agents",1190,1210,20,1.7,100,,,,,,,,,,,,,,,,,,,,,,,
Alabama,Tax Preparers,860,900,40,4.7,100,,,,,,,,,,,,,,,,,,,,,,,
Alabama,"Financial Specialists, All Other",760,820,60,7.9,70,,,,,,,,,,,,,,,,,,,,,,,
Alabama,Computer Systems Analysts,4330,4680,350,8.1,360,,,,,,,,,,,,,,,,,,,,,,,
Alabama,Information Security Analysts,1190,1620,430,36.1,140,,,,,,,,,,,,,,,,,,,,,,,
Alabama,Computer Programmers,8210,7640,-570,-6.9,500,,,,,,,,,,,,,,,,,,,,,,,
Alabama,"Software Developers, Applications",6580,8370,1790,27.2,710,,,,,,,,,,,,,,,,,,,,,,,
Alabama,"Software Developers, Systems Software",4560,5240,680,14.9,410,,,,,,,,,,,,,,,,,,,,,,,
Alabama,Web Developers,1060,1200,140,13.2,100,,,,,,,,,,,,,,,,,,,,,,,
Alabama,Database Administrators,2000,2230,230,11.5,170,,,,,,,,,,,,,,,,,,,,,,,
Alabama,Network and Computer Systems Administrators,4060,4310,250,6.2,320,,,,,,,,,,,,,,,,,,,,,,,
Alabama,Computer User Support Specialists,6400,7150,750,11.7,630,,,,,,,,,,,,,,,,,,,,,,,
Alabama,Computer Network Support Specialists,1310,1470,160,12.2,130,,,,,,,,,,,,,,,,,,,,,,,
Alabama,"Computer Occupations, All Other",2040,2170,130,6.4,170,,,,,,,,,,,,,,,,,,,,,,,
Alabama,Actuaries,90,110,20,22.2,10,,,,,,,,,,,,,,,,,,,,,,,
Alabama,Operations Research Analysts,650,830,180,27.7,70,,,,,,,,,,,,,,,,,,,,,,,
Alabama,Statisticians,200,250,50,25.0,20,,,,,,,,,,,,,,,,,,,,,,,
Alabama,"Architects, Except Landscape and Naval",1600,1740,140,8.8,140,,,,,,,,,,,,,,,,,,,,,,,
Alabama,Landscape Architects,130,140,10,7.7,10,,,,,,,,,,,,,,,,,,,,,,,
Alabama,Cartographers and Photogrammetrists,170,200,30,17.6,20,,,,,,,,,,,,,,,,,,,,,,,
Alabama,Surveyors,650,700,50,7.7,50,,,,,,,,,,,,,,,,,,,,,,,
Alabama,Aerospace Engineers,4090,4510,420,10.3,320,,,,,,,,,,,,,,,,,,,,,,,
Alabama,Agricultural Engineers,50,50,0,0.0,0,,,,,,,,,,,,,,,,,,,,,,,
Alabama,Biomedical Engineers,30,30,0,0.0,0,,,,,,,,,,,,,,,,,,,,,,,
Alabama,Chemical Engineers,490,570,80,16.3,40,,,,,,,,,,,,,,,,,,,,,,,
Alabama,Civil Engineers,4760,5010,250,5.3,410,,,,,,,,,,,,,,,,,,,,,,,
Alabama,Computer Hardware Engineers,1170,1270,100,8.5,100,,,,,,,,,,,,,,,,,,,,,,,
Alabama,Electrical Engineers,4620,5170,550,11.9,380,,,,,,,,,,,,,,,,,,,,,,,
Alabama,"Electronics Engineers, Except Computer",1740,1830,90,5.2,130,,,,,,,,,,,,,,,,,,,,,,,
Alabama,Environmental Engineers,800,840,40,5.0,70,,,,,,,,,,,,,,,,,,,,,,,
Alabama,"Health and Safety Engineers, Except Mining Safety Engineers and Inspectors",510,560,50,9.8,40,,,,,,,,,,,,,,,,,,,,,,,
Alabama,Industrial Engineers,5740,7040,1300,22.6,570,,,,,,,,,,,,,,,,,,,,,,,
Alabama,Marine Engineers and Naval Architects,40,40,0,0.0,0,,,,,,,,,,,,,,,,,,,,,,,
Alabama,Materials Engineers,710,790,80,11.3,50,,,,,,,,,,,,,,,,,,,,,,,
Alabama,Mechanical Engineers,3490,4020,530,15.2,310,,,,,,,,,,,,,,,,,,,,,,,
Alabama,"Mining and Geological Engineers, Including Mining Safety Engineers",190,190,0,0.0,20,,,,,,,,,,,,,,,,,,,,,,,
Alabama,Nuclear Engineers,80,70,-10,-12.5,0,,,,,,,,,,,,,,,,,,,,,,,
Alabama,Petroleum Engineers,90,90,0,0.0,10,,,,,,,,,,,,,,,,,,,,,,,
Alabama,"Engineers, All Other",3670,3820,150,4.1,270,,,,,,,,,,,,,,,,,,,,,,,
Alabama,Architectural and Civil Drafters,1180,1210,30,2.5,130,,,,,,,,,,,,,,,,,,,,,,,
Alabama,Electrical and Electronics Drafters,210,230,20,9.5,20,,,,,,,,,,,,,,,,,,,,,,,
Alabama,Mechanical Drafters,730,710,-20,-2.7,70,,,,,,,,,,,,,,,,,,,,,,,
Alabama,"Drafters, All Other",240,260,20,8.3,30,,,,,,,,,,,,,,,,,,,,,,,
Alabama,Aerospace Engineering and Operations Technicians,430,500,70,16.3,50,,,,,,,,,,,,,,,,,,,,,,,
Alabama,Civil Engineering Technicians,1550,1620,70,4.5,160,,,,,,,,,,,,,,,,,,,,,,,
Alabama,Electrical and Electronics Engineering Technicians,2380,2550,170,7.1,260,,,,,,,,,,,,,,,,,,,,,,,
Alabama,Electro-Mechanical Technicians,120,110,-10,-8.3,10,,,,,,,,,,,,,,,,,,,,,,,
Alabama,Environmental Engineering Technicians,280,310,30,10.7,30,,,,,,,,,,,,,,,,,,,,,,,
Alabama,Industrial Engineering Technicians,1060,1230,170,16.0,130,,,,,,,,,,,,,,,,,,,,,,,
Alabama,Mechanical Engineering Technicians,530,580,50,9.4,60,,,,,,,,,,,,,,,,,,,,,,,
Alabama,"Engineering Technicians, Except Drafters, All Other",720,760,40,5.6,80,,,,,,,,,,,,,,,,,,,,,,,
Alabama,Surveying and Mapping Technicians,880,940,60,6.8,110,,,,,,,,,,,,,,,,,,,,,,,
Alabama,Animal Scientists,20,20,0,0.0,0,,,,,,,,,,,,,,,,,,,,,,,
Alabama,Food Scientists and Technologists,60,60,0,0.0,10,,,,,,,,,,,,,,,,,,,,,,,
Alabama,Soil and Plant Scientists,150,160,10,6.7,20,,,,,,,,,,,,,,,,,,,,,,,
Alabama,Biochemists and Biophysicists,60,70,10,16.7,10,,,,,,,,,,,,,,,,,,,,,,,
Alabama,Zoologists and Wildlife Biologists,140,140,0,0.0,10,,,,,,,,,,,,,,,,,,,,,,,
Alabama,"Biological Scientists, All Other",250,270,20,8.0,30,,,,,,,,,,,,,,,,,,,,,,,
Alabama,Conservation Scientists,120,130,10,8.3,10,,,,,,,,,,,,,,,,,,,,,,,
Alabama,Foresters,180,180,0,0.0,20,,,,,,,,,,,,,,,,,,,,,,,
Alabama,"Medical Scientists, Except Epidemiologists",190,230,40,21.1,20,,,,,,,,,,,,,,,,,,,,,,,
Alabama,"Life Scientists, All Other",100,110,10,10.0,10,,,,,,,,,,,,,,,,,,,,,,,
Alabama,Physicists,160,170,10,6.3,10,,,,,,,,,,,,,,,,,,,,,,,
Alabama,Atmospheric and Space Scientists,230,240,10,4.3,20,,,,,,,,,,,,,,,,,,,,,,,
Alabama,Chemists,620,660,40,6.5,60,,,,,,,,,,,,,,,,,,,,,,,
Alabama,Materials Scientists,70,70,0,0.0,10,,,,,,,,,,,,,,,,,,,,,,,
Alabama,"Environmental Scientists and Specialists, Including Health",920,970,50,5.4,110,,,,,,,,,,,,,,,,,,,,,,,
Alabama,"Geoscientists, Except Hydrologists and Geographers",220,240,20,9.1,30,,,,,,,,,,,,,,,,,,,,,,,
Alabama,"Physical Scientists, All Other",130,130,0,0.0,10,,,,,,,,,,,,,,,,,,,,,,,
Alabama,Economists,60,60,0,0.0,0,,,,,,,,,,,,,,,,,,,,,,,
Alabama,"Clinical, Counseling, and School Psychologists",1320,1490,170,12.9,120,,,,,,,,,,,,,,,,,,,,,,,
Alabama,Industrial-Organizational Psychologists,10,10,0,0.0,0,,,,,,,,,,,,,,,,,,,,,,,
Alabama,"Psychologists, All Other",180,190,10,5.6,20,,,,,,,,,,,,,,,,,,,,,,,
Alabama,Urban and Regional Planners,350,380,30,8.6,40,,,,,,,,,,,,,,,,,,,,,,,
Alabama,Anthropologists and Archeologists,60,70,10,16.7,10,,,,,,,,,,,,,,,,,,,,,,,
Alabama,Historians,40,40,0,0.0,10,,,,,,,,,,,,,,,,,,,,,,,
Alabama,"Social Scientists and Related Workers, All Other",220,220,0,0.0,30,,,,,,,,,,,,,,,,,,,,,,,
Alabama,Agricultural and Food Science Technicians,210,220,10,4.8,30,,,,,,,,,,,,,,,,,,,,,,,
Alabama,Biological Technicians,360,400,40,11.1,40,,,,,,,,,,,,,,,,,,,,,,,
Alabama,Chemical Technicians,1190,1250,60,5.0,130,,,,,,,,,,,,,,,,,,,,,,,
Alabama,Geological and Petroleum Technicians,50,50,0,0.0,10,,,,,,,,,,,,,,,,,,,,,,,
Alabama,"Environmental Science and Protection Technicians, Including Health",330,350,20,6.1,40,,,,,,,,,,,,,,,,,,,,,,,
Alabama,Forensic Science Technicians,220,240,20,9.1,30,,,,,,,,,,,,,,,,,,,,,,,
Alabama,Forest and Conservation Technicians,210,220,10,4.8,30,,,,,,,,,,,,,,,,,,,,,,,
Alabama,"Life, Physical, and Social Science Technicians, All Other",1050,1120,70,6.7,140,,,,,,,,,,,,,,,,,,,,,,,
Alabama,"Educational, Guidance, School, and Vocational Counselors",3950,4250,300,7.6,450,,,,,,,,,,,,,,,,,,,,,,,
Alabama,Marriage and Family Therapists,320,350,30,9.4,40,,,,,,,,,,,,,,,,,,,,,,,
Alabama,Rehabilitation Counselors,1140,1190,50,4.4,130,,,,,,,,,,,,,,,,,,,,,,,
Alabama,"Substance Abuse, Behavioral Disorder, and Mental Health Counselors",2110,2380,270,12.8,260,,,,,,,,,,,,,,,,,,,,,,,
Alabama,"Counselors, All Other",150,190,40,26.7,20,,,,,,,,,,,,,,,,,,,,,,,
Alabama,"Child, Family, and School Social Workers",3960,4060,100,2.5,400,,,,,,,,,,,,,,,,,,,,,,,
Alabama,Healthcare Social Workers,2900,3190,290,10.0,330,,,,,,,,,,,,,,,,,,,,,,,
Alabama,Mental Health and Substance Abuse Social Workers,1060,1160,100,9.4,120,,,,,,,,,,,,,,,,,,,,,,,
Alabama,"Social Workers, All Other",450,470,20,4.4,50,,,,,,,,,,,,,,,,,,,,,,,
Alabama,Health Educators,320,340,20,6.3,40,,,,,,,,,,,,,,,,,,,,,,,
Alabama,Probation Officers and Correctional Treatment Specialists,1240,1260,20,1.6,110,,,,,,,,,,,,,,,,,,,,,,,
Alabama,Social and Human Service Assistants,1690,1840,150,8.9,220,,,,,,,,,,,,,,,,,,,,,,,
Alabama,Community Health Workers,890,940,50,5.6,110,,,,,,,,,,,,,,,,,,,,,,,
Alabama,"Community and Social Service Specialists, All Other",360,370,10,2.8,40,,,,,,,,,,,,,,,,,,,,,,,
Alabama,Clergy,7010,7380,370,5.3,820,,,,,,,,,,,,,,,,,,,,,,,
Alabama,"Directors, Religious Activities and Education",4900,5120,220,4.5,640,,,,,,,,,,,,,,,,,,,,,,,
Alabama,"Religious Workers, All Other",1830,1920,90,4.9,250,,,,,,,,,,,,,,,,,,,,,,,
Alabama,Lawyers,7670,8150,480,6.3,430,,,,,,,,,,,,,,,,,,,,,,,
Alabama,Judicial Law Clerks,20,20,0,0.0,0,,,,,,,,,,,,,,,,,,,,,,,
Alabama,"Administrative Law Judges, Adjudicators, and Hearing Officers",110,110,0,0.0,10,,,,,,,,,,,,,,,,,,,,,,,
Alabama,"Arbitrators, Mediators, and Conciliators",60,70,10,16.7,0,,,,,,,,,,,,,,,,,,,,,,,
Alabama,"Judges, Magistrate Judges, and Magistrates",560,580,20,3.6,30,,,,,,,,,,,,,,,,,,,,,,,
Alabama,Paralegals and Legal Assistants,3130,3540,410,13.1,390,,,,,,,,,,,,,,,,,,,,,,,
Alabama,Court Reporters,330,350,20,6.1,30,,,,,,,,,,,,,,,,,,,,,,,
Alabama,"Title Examiners, Abstractors, and Searchers",350,350,0,0.0,30,,,,,,,,,,,,,,,,,,,,,,,
Alabama,"Legal Support Workers, All Other",280,280,0,0.0,20,,,,,,,,,,,,,,,,,,,,,,,
Alabama,"Business Teachers, Postsecondary",840,970,130,15.5,90,,,,,,,,,,,,,,,,,,,,,,,
Alabama,"Computer Science Teachers, Postsecondary",400,420,20,5.0,40,,,,,,,,,,,,,,,,,,,,,,,
Alabama,"Mathematical Science Teachers, Postsecondary",660,690,30,4.5,60,,,,,,,,,,,,,,,,,,,,,,,
Alabama,"Architecture Teachers, Postsecondary",50,50,0,0.0,0,,,,,,,,,,,,,,,,,,,,,,,
Alabama,"Engineering Teachers, Postsecondary",530,580,50,9.4,50,,,,,,,,,,,,,,,,,,,,,,,
Alabama,"Agricultural Sciences Teachers, Postsecondary",190,190,0,0.0,20,,,,,,,,,,,,,,,,,,,,,,,
Alabama,"Forestry and Conservation Science Teachers, Postsecondary",50,50,0,0.0,0,,,,,,,,,,,,,,,,,,,,,,,
Alabama,"Atmospheric, Earth, Marine, and Space Sciences Teachers, Postsecondary",90,100,10,11.1,10,,,,,,,,,,,,,,,,,,,,,,,
Alabama,"Chemistry Teachers, Postsecondary",280,290,10,3.6,30,,,,,,,,,,,,,,,,,,,,,,,
Alabama,"Environmental Science Teachers, Postsecondary",20,20,0,0.0,0,,,,,,,,,,,,,,,,,,,,,,,
Alabama,"Physics Teachers, Postsecondary",140,150,10,7.1,10,,,,,,,,,,,,,,,,,,,,,,,
Alabama,"Anthropology and Archeology Teachers, Postsecondary",40,40,0,0.0,0,,,,,,,,,,,,,,,,,,,,,,,
Alabama,"Area, Ethnic, and Cultural Studies Teachers, Postsecondary",10,10,0,0.0,0,,,,,,,,,,,,,,,,,,,,,,,
Alabama,"Economics Teachers, Postsecondary",130,140,10,7.7,10,,,,,,,,,,,,,,,,,,,,,,,
Alabama,"Geography Teachers, Postsecondary",40,40,0,0.0,0,,,,,,,,,,,,,,,,,,,,,,,
Alabama,"Political Science Teachers, Postsecondary",150,160,10,6.7,10,,,,,,,,,,,,,,,,,,,,,,,
Alabama,"Psychology Teachers, Postsecondary",400,440,40,10.0,40,,,,,,,,,,,,,,,,,,,,,,,
Alabama,"Sociology Teachers, Postsecondary",130,140,10,7.7,10,,,,,,,,,,,,,,,,,,,,,,,
Alabama,"Health Specialties Teachers, Postsecondary",1960,2390,430,21.9,220,,,,,,,,,,,,,,,,,,,,,,,
Alabama,"Nursing Instructors and Teachers, Postsecondary",1290,1560,270,20.9,140,,,,,,,,,,,,,,,,,,,,,,,
Alabama,"Education Teachers, Postsecondary",870,930,60,6.9,80,,,,,,,,,,,,,,,,,,,,,,,
Alabama,"Library Science Teachers, Postsecondary",110,110,0,0.0,10,,,,,,,,,,,,,,,,,,,,,,,
Alabama,"Criminal Justice and Law Enforcement Teachers, Postsecondary",80,100,20,25.0,10,,,,,,,,,,,,,,,,,,,,,,,
Alabama,"Law Teachers, Postsecondary",90,100,10,11.1,10,,,,,,,,,,,,,,,,,,,,,,,
Alabama,"Social Work Teachers, Postsecondary",120,120,0,0.0,10,,,,,,,,,,,,,,,,,,,,,,,
Alabama,"Art, Drama, and Music Teachers, Postsecondary",730,770,40,5.5,70,,,,,,,,,,,,,,,,,,,,,,,
Alabama,"Communications Teachers, Postsecondary",250,260,10,4.0,20,,,,,,,,,,,,,,,,,,,,,,,
Alabama,"English Language and Literature Teachers, Postsecondary",920,970,50,5.4,80,,,,,,,,,,,,,,,,,,,,,,,
Alabama,"Foreign Language and Literature Teachers, Postsecondary",140,150,10,7.1,10,,,,,,,,,,,,,,,,,,,,,,,
Alabama,"History Teachers, Postsecondary",350,370,20,5.7,30,,,,,,,,,,,,,,,,,,,,,,,
Alabama,"Philosophy and Religion Teachers, Postsecondary",220,230,10,4.5,20,,,,,,,,,,,,,,,,,,,,,,,
Alabama,Graduate Teaching Assistants,80,80,0,0.0,10,,,,,,,,,,,,,,,,,,,,,,,
Alabama,"Home Economics Teachers, Postsecondary",90,100,10,11.1,10,,,,,,,,,,,,,,,,,,,,,,,
Alabama,"Recreation and Fitness Studies Teachers, Postsecondary",260,270,10,3.8,20,,,,,,,,,,,,,,,,,,,,,,,
Alabama,"Vocational Education Teachers, Postsecondary",1700,1710,10,0.6,140,,,,,,,,,,,,,,,,,,,,,,,
Alabama,"Postsecondary Teachers, All Other",3110,3210,100,3.2,270,,,,,,,,,,,,,,,,,,,,,,,
Alabama,"Preschool Teachers, Except Special Education",5000,5290,290,5.8,550,,,,,,,,,,,,,,,,,,,,,,,
Alabama,"Elementary School Teachers, Except Special Education",24200,24900,700,2.9,1880,,,,,,,,,,,,,,,,,,,,,,,
Alabama,"Middle School Teachers, Except Special and Career/Technical Education",9960,10260,300,3.0,780,,,,,,,,,,,,,,,,,,,,,,,
Alabama,"Secondary School Teachers, Except Special and Career/Technical Education",16530,17030,500,3.0,1230,,,,,,,,,,,,,,,,,,,,,,,
Alabama,"Special Education Teachers, Preschool",130,140,10,7.7,10,,,,,,,,,,,,,,,,,,,,,,,
Alabama,"Special Education Teachers, Kindergarten and Elementary School",810,840,30,3.7,70,,,,,,,,,,,,,,,,,,,,,,,
Alabama,"Special Education Teachers, Middle School",380,390,10,2.6,30,,,,,,,,,,,,,,,,,,,,,,,
Alabama,"Special Education Teachers, Secondary School",450,450,0,0.0,40,,,,,,,,,,,,,,,,,,,,,,,
Alabama,"Special Education Teachers, All Other",40,40,0,0.0,0,,,,,,,,,,,,,,,,,,,,,,,
Alabama,Adult Basic and Secondary Education and Literacy Teachers and Instructors,570,540,-30,-5.3,60,,,,,,,,,,,,,,,,,,,,,,,
Alabama,Self-Enrichment Education Teachers,4190,4420,230,5.5,510,,,,,,,,,,,,,,,,,,,,,,,
Alabama,"Teachers and Instructors, All Other, Except Substitute Teachers",3480,3680,200,5.7,430,,,,,,,,,,,,,,,,,,,,,,,
Alabama,Substitute Teachers,8630,8820,190,2.2,1020,,,,,,,,,,,,,,,,,,,,,,,
Alabama,Archivists,100,100,0,0.0,10,,,,,,,,,,,,,,,,,,,,,,,
Alabama,Curators,100,100,0,0.0,10,,,,,,,,,,,,,,,,,,,,,,,
Alabama,Museum Technicians and Conservators,80,80,0,0.0,10,,,,,,,,,,,,,,,,,,,,,,,
Alabama,Librarians,2230,2320,90,4.0,240,,,,,,,,,,,,,,,,,,,,,,,
Alabama,Library Technicians,640,630,-10,-1.6,100,,,,,,,,,,,,,,,,,,,,,,,
Alabama,Farm and Home Management Advisors,360,370,10,2.8,40,,,,,,,,,,,,,,,,,,,,,,,
Alabama,Instructional Coordinators,1670,1730,60,3.6,160,,,,,,,,,,,,,,,,,,,,,,,
Alabama,Teacher Assistants,10330,10620,290,2.8,1130,,,,,,,,,,,,,,,,,,,,,,,
Alabama,Art Directors,970,950,-20,-2.1,100,,,,,,,,,,,,,,,,,,,,,,,
Alabama,Craft Artists,170,180,10,5.9,20,,,,,,,,,,,,,,,,,,,,,,,
Alabama,"Fine Artists, Including Painters, Sculptors, and Illustrators",240,230,-10,-4.2,20,,,,,,,,,,,,,,,,,,,,,,,
Alabama,Multimedia Artists and Animators,640,630,-10,-1.6,70,,,,,,,,,,,,,,,,,,,,,,,
Alabama,"Artists and Related Workers, All Other",100,100,0,0.0,10,,,,,,,,,,,,,,,,,,,,,,,
Alabama,Commercial and Industrial Designers,300,310,10,3.3,30,,,,,,,,,,,,,,,,,,,,,,,
Alabama,Fashion Designers,130,140,10,7.7,10,,,,,,,,,,,,,,,,,,,,,,,
Alabama,Floral Designers,820,740,-80,-9.8,70,,,,,,,,,,,,,,,,,,,,,,,
Alabama,Graphic Designers,2540,2620,80,3.1,270,,,,,,,,,,,,,,,,,,,,,,,
Alabama,Interior Designers,760,800,40,5.3,80,,,,,,,,,,,,,,,,,,,,,,,
Alabama,Merchandise Displayers and Window Trimmers,3840,4010,170,4.4,410,,,,,,,,,,,,,,,,,,,,,,,
Alabama,Set and Exhibit Designers,100,100,0,0.0,10,,,,,,,,,,,,,,,,,,,,,,,
Alabama,"Designers, All Other",120,120,0,0.0,10,,,,,,,,,,,,,,,,,,,,,,,
Alabama,Actors,510,530,20,3.9,60,,,,,,,,,,,,,,,,,,,,,,,
Alabama,Producers and Directors,1140,1160,20,1.8,120,,,,,,,,,,,,,,,,,,,,,,,
Alabama,Athletes and Sports Competitors,30,40,10,33.3,10,,,,,,,,,,,,,,,,,,,,,,,
Alabama,Coaches and Scouts,2860,3050,190,6.6,450,,,,,,,,,,,,,,,,,,,,,,,
Alabama,"Umpires, Referees, and Other Sports Officials",110,110,0,0.0,20,,,,,,,,,,,,,,,,,,,,,,,
Alabama,Dancers,70,70,0,0.0,10,,,,,,,,,,,,,,,,,,,,,,,
Alabama,Choreographers,30,30,0,0.0,10,,,,,,,,,,,,,,,,,,,,,,,
Alabama,Music Directors and Composers,1540,1570,30,1.9,190,,,,,,,,,,,,,,,,,,,,,,,
Alabama,Musicians and Singers,3720,3790,70,1.9,450,,,,,,,,,,,,,,,,,,,,,,,
Alabama,"Entertainers and Performers, Sports and Related Workers, All Other",350,360,10,2.9,40,,,,,,,,,,,,,,,,,,,,,,,
Alabama,Radio and Television Announcers,360,330,-30,-8.3,40,,,,,,,,,,,,,,,,,,,,,,,
Alabama,Reporters and Correspondents,540,450,-90,-16.7,50,,,,,,,,,,,,,,,,,,,,,,,
Alabama,Public Relations Specialists,2250,2400,150,6.7,260,,,,,,,,,,,,,,,,,,,,,,,
Alabama,Editors,880,850,-30,-3.4,90,,,,,,,,,,,,,,,,,,,,,,,
Alabama,Technical Writers,770,860,90,11.7,90,,,,,,,,,,,,,,,,,,,,,,,
Alabama,Writers and Authors,1130,1090,-40,-3.5,110,,,,,,,,,,,,,,,,,,,,,,,
Alabama,Interpreters and Translators,480,530,50,10.4,60,,,,,,,,,,,,,,,,,,,,,,,
Alabama,"Media and Communication Workers, All Other",140,150,10,7.1,20,,,,,,,,,,,,,,,,,,,,,,,
Alabama,Audio and Video Equipment Technicians,1150,1270,120,10.4,140,,,,,,,,,,,,,,,,,,,,,,,
Alabama,Broadcast Technicians,420,420,0,0.0,50,,,,,,,,,,,,,,,,,,,,,,,
Alabama,Sound Engineering Technicians,110,110,0,0.0,10,,,,,,,,,,,,,,,,,,,,,,,
Alabama,Photographers,1520,1410,-110,-7.2,140,,,,,,,,,,,,,,,,,,,,,,,
Alabama,"Camera Operators, Television, Video, and Motion Picture",180,190,10,5.6,20,,,,,,,,,,,,,,,,,,,,,,,
Alabama,Film and Video Editors,210,230,20,9.5,20,,,,,,,,,,,,,,,,,,,,,,,
Alabama,"Media and Communication Equipment Workers, All Other",90,90,0,0.0,10,,,,,,,,,,,,,,,,,,,,,,,
Alabama,Chiropractors,480,520,40,8.3,20,,,,,,,,,,,,,,,,,,,,,,,
Alabama,"Dentists, General",1300,1370,70,5.4,50,,,,,,,,,,,,,,,,,,,,,,,
Alabama,"Dentists, All Other Specialists",40,40,0,0.0,0,,,,,,,,,,,,,,,,,,,,,,,
Alabama,Dietitians and Nutritionists,840,910,70,8.3,60,,,,,,,,,,,,,,,,,,,,,,,
Alabama,Optometrists,540,590,50,9.3,20,,,,,,,,,,,,,,,,,,,,,,,
Alabama,Pharmacists,5010,4970,-40,-0.8,220,,,,,,,,,,,,,,,,,,,,,,,
Alabama,Family and General Practitioners,850,920,70,8.2,30,,,,,,,,,,,,,,,,,,,,,,,
Alabama,"Internists, General",250,240,-10,-4.0,10,,,,,,,,,,,,,,,,,,,,,,,
Alabama,Obstetricians and Gynecologists,210,200,-10,-4.8,10,,,,,,,,,,,,,,,,,,,,,,,
Alabama,"Pediatricians, General",450,440,-10,-2.2,10,,,,,,,,,,,,,,,,,,,,,,,
Alabama,Psychiatrists,170,180,10,5.9,10,,,,,,,,,,,,,,,,,,,,,,,
Alabama,Surgeons,610,600,-10,-1.6,20,,,,,,,,,,,,,,,,,,,,,,,
Alabama,"Physicians and Surgeons, All Other",5540,5870,330,6.0,200,,,,,,,,,,,,,,,,,,,,,,,
Alabama,Physician Assistants,780,1040,260,33.3,80,,,,,,,,,,,,,,,,,,,,,,,
Alabama,Podiatrists,100,100,0,0.0,10,,,,,,,,,,,,,,,,,,,,,,,
Alabama,Occupational Therapists,1340,1600,260,19.4,110,,,,,,,,,,,,,,,,,,,,,,,
Alabama,Physical Therapists,3010,3580,570,18.9,190,,,,,,,,,,,,,,,,,,,,,,,
Alabama,Radiation Therapists,470,510,40,8.5,30,,,,,,,,,,,,,,,,,,,,,,,
Alabama,Recreational Therapists,130,120,-10,-7.7,10,,,,,,,,,,,,,,,,,,,,,,,
Alabama,Respiratory Therapists,2630,3120,490,18.6,200,,,,,,,,,,,,,,,,,,,,,,,
Alabama,Speech-Language Pathologists,1710,2190,480,28.1,150,,,,,,,,,,,,,,,,,,,,,,,
Alabama,Exercise Physiologists,180,200,20,11.1,10,,,,,,,,,,,,,,,,,,,,,,,
Alabama,"Therapists, All Other",280,310,30,10.7,20,,,,,,,,,,,,,,,,,,,,,,,
Alabama,Veterinarians,1090,1260,170,15.6,60,,,,,,,,,,,,,,,,,,,,,,,
Alabama,Registered Nurses,52690,58070,5380,10.2,3500,,,,,,,,,,,,,,,,,,,,,,,
Alabama,Nurse Anesthetists,1290,1500,210,16.3,90,,,,,,,,,,,,,,,,,,,,,,,
Alabama,Nurse Practitioners,3800,4720,920,24.2,320,,,,,,,,,,,,,,,,,,,,,,,
Alabama,Audiologists,110,110,0,0.0,10,,,,,,,,,,,,,,,,,,,,,,,
Alabama,"Health Diagnosing and Treating Practitioners, All Other",320,340,20,6.3,20,,,,,,,,,,,,,,,,,,,,,,,
Alabama,Clinical Laboratory Technologists and Technicians,4930,5240,310,6.3,350,,,,,,,,,,,,,,,,,,,,,,,
Alabama,Dental Hygienists,3250,3590,340,10.5,260,,,,,,,,,,,,,,,,,,,,,,,
Alabama,Cardiovascular Technologists and Technicians,680,720,40,5.9,40,,,,,,,,,,,,,,,,,,,,,,,
Alabama,Diagnostic Medical Sonographers,1270,1470,200,15.7,100,,,,,,,,,,,,,,,,,,,,,,,
Alabama,Nuclear Medicine Technologists,450,470,20,4.4,30,,,,,,,,,,,,,,,,,,,,,,,
Alabama,Radiologic Technologists,3810,4080,270,7.1,240,,,,,,,,,,,,,,,,,,,,,,,
Alabama,Magnetic Resonance Imaging Technologists,650,710,60,9.2,40,,,,,,,,,,,,,,,,,,,,,,,
Alabama,Emergency Medical Technicians and Paramedics,3820,4130,310,8.1,290,,,,,,,,,,,,,,,,,,,,,,,
Alabama,Dietetic Technicians,230,230,0,0.0,20,,,,,,,,,,,,,,,,,,,,,,,
Alabama,Pharmacy Technicians,7240,7780,540,7.5,660,,,,,,,,,,,,,,,,,,,,,,,
Alabama,Psychiatric Technicians,1030,1080,50,4.9,90,,,,,,,,,,,,,,,,,,,,,,,
Alabama,Respiratory Therapy Technicians,140,60,-80,-57.1,0,,,,,,,,,,,,,,,,,,,,,,,
Alabama,Surgical Technologists,2210,2330,120,5.4,200,,,,,,,,,,,,,,,,,,,,,,,
Alabama,Veterinary Technologists and Technicians,1080,1250,170,15.7,110,,,,,,,,,,,,,,,,,,,,,,,
Alabama,Ophthalmic Medical Technicians,660,760,100,15.2,70,,,,,,,,,,,,,,,,,,,,,,,
Alabama,Licensed Practical and Licensed Vocational Nurses,12690,13360,670,5.3,1060,,,,,,,,,,,,,,,,,,,,,,,
Alabama,Medical Records and Health Information Technicians,2930,3160,230,7.8,220,,,,,,,,,,,,,,,,,,,,,,,
Alabama,"Opticians, Dispensing",1010,1120,110,10.9,100,,,,,,,,,,,,,,,,,,,,,,,
Alabama,Orthotists and Prosthetists,160,210,50,31.3,20,,,,,,,,,,,,,,,,,,,,,,,
Alabama,Hearing Aid Specialists,120,130,10,8.3,10,,,,,,,,,,,,,,,,,,,,,,,
Alabama,"Health Technologists and Technicians, All Other",930,1070,140,15.1,80,,,,,,,,,,,,,,,,,,,,,,,
Alabama,Occupational Health and Safety Specialists,1370,1460,90,6.6,90,,,,,,,,,,,,,,,,,,,,,,,
Alabama,Athletic Trainers,570,700,130,22.8,50,,,,,,,,,,,,,,,,,,,,,,,
Alabama,"Healthcare Practitioners and Technical Workers, All Other",460,520,60,13.0,30,,,,,,,,,,,,,,,,,,,,,,,
Alabama,Home Health Aides,5370,6700,1330,24.8,810,,,,,,,,,,,,,,,,,,,,,,,
Alabama,Psychiatric Aides,1990,2080,90,4.5,240,,,,,,,,,,,,,,,,,,,,,,,
Alabama,Nursing Assistants,23900,25220,1320,5.5,2880,,,,,,,,,,,,,,,,,,,,,,,
Alabama,Orderlies,850,880,30,3.5,100,,,,,,,,,,,,,,,,,,,,,,,
Alabama,Physical Therapist Assistants,1920,2410,490,25.5,320,,,,,,,,,,,,,,,,,,,,,,,
Alabama,Physical Therapist Aides,1080,1330,250,23.1,180,,,,,,,,,,,,,,,,,,,,,,,
Alabama,Massage Therapists,1120,1280,160,14.3,160,,,,,,,,,,,,,,,,,,,,,,,
Alabama,Dental Assistants,3660,4040,380,10.4,470,,,,,,,,,,,,,,,,,,,,,,,
Alabama,Medical Assistants,9180,11080,1900,20.7,1310,,,,,,,,,,,,,,,,,,,,,,,
Alabama,Medical Equipment Preparers,1600,1740,140,8.8,200,,,,,,,,,,,,,,,,,,,,,,,
Alabama,Medical Transcriptionists,650,560,-90,-13.8,80,,,,,,,,,,,,,,,,,,,,,,,
Alabama,Pharmacy Aides,790,650,-140,-17.7,80,,,,,,,,,,,,,,,,,,,,,,,
Alabama,Veterinary Assistants and Laboratory Animal Caretakers,1190,1390,200,16.8,230,,,,,,,,,,,,,,,,,,,,,,,
Alabama,Phlebotomists,2220,2670,450,20.3,300,,,,,,,,,,,,,,,,,,,,,,,
Alabama,"Healthcare Support Workers, All Other",1290,1360,70,5.4,160,,,,,,,,,,,,,,,,,,,,,,,
Alabama,First-Line Supervisors of Correctional Officers,540,500,-40,-7.4,30,,,,,,,,,,,,,,,,,,,,,,,
Alabama,First-Line Supervisors of Police and Detectives,1260,1310,50,4.0,80,,,,,,,,,,,,,,,,,,,,,,,
Alabama,First-Line Supervisors of Fire Fighting and Prevention Workers,1010,1050,40,4.0,70,,,,,,,,,,,,,,,,,,,,,,,
Alabama,"First-Line Supervisors of Protective Service Workers, All Other",550,560,10,1.8,50,,,,,,,,,,,,,,,,,,,,,,,
Alabama,Firefighters,5110,5320,210,4.1,380,,,,,,,,,,,,,,,,,,,,,,,
Alabama,Fire Inspectors and Investigators,150,160,10,6.7,20,,,,,,,,,,,,,,,,,,,,,,,
Alabama,Forest Fire Inspectors and Prevention Specialists,40,50,10,25.0,10,,,,,,,,,,,,,,,,,,,,,,,
Alabama,Bailiffs,100,100,0,0.0,10,,,,,,,,,,,,,,,,,,,,,,,
Alabama,Correctional Officers and Jailers,5240,4870,-370,-7.1,410,,,,,,,,,,,,,,,,,,,,,,,
Alabama,Detectives and Criminal Investigators,1320,1350,30,2.3,90,,,,,,,,,,,,,,,,,,,,,,,
Alabama,Fish and Game Wardens,160,160,0,0.0,10,,,,,,,,,,,,,,,,,,,,,,,
Alabama,Police and Sheriff's Patrol Officers,10780,11200,420,3.9,810,,,,,,,,,,,,,,,,,,,,,,,
Alabama,Animal Control Workers,220,230,10,4.5,20,,,,,,,,,,,,,,,,,,,,,,,
Alabama,Private Detectives and Investigators,220,240,20,9.1,20,,,,,,,,,,,,,,,,,,,,,,,
Alabama,Gaming Surveillance Officers and Gaming Investigators,40,40,0,0.0,10,,,,,,,,,,,,,,,,,,,,,,,
Alabama,Security Guards,14420,14780,360,2.5,1910,,,,,,,,,,,,,,,,,,,,,,,
Alabama,Crossing Guards,490,510,20,4.1,80,,,,,,,,,,,,,,,,,,,,,,,
Alabama,"Lifeguards, Ski Patrol, and Other Recreational Protective Service Workers",1360,1490,130,9.6,360,,,,,,,,,,,,,,,,,,,,,,,
Alabama,Transportation Security Screeners,220,230,10,4.5,20,,,,,,,,,,,,,,,,,,,,,,,
Alabama,"Protective Service Workers, All Other",1490,1550,60,4.0,370,,,,,,,,,,,,,,,,,,,,,,,
Alabama,Chefs and Head Cooks,950,1040,90,9.5,140,,,,,,,,,,,,,,,,,,,,,,,
Alabama,First-Line Supervisors of Food Preparation and Serving Workers,17580,18690,1110,6.3,2880,,,,,,,,,,,,,,,,,,,,,,,
Alabama,"Cooks, Fast Food",6190,5410,-780,-12.6,740,,,,,,,,,,,,,,,,,,,,,,,
Alabama,"Cooks, Institution and Cafeteria",11990,11810,-180,-1.5,1670,,,,,,,,,,,,,,,,,,,,,,,
Alabama,"Cooks, Private Household",460,480,20,4.3,70,,,,,,,,,,,,,,,,,,,,,,,
Alabama,"Cooks, Restaurant",14880,17410,2530,17.0,2540,,,,,,,,,,,,,,,,,,,,,,,
Alabama,"Cooks, Short Order",2540,2410,-130,-5.1,340,,,,,,,,,,,,,,,,,,,,,,,
Alabama,"Cooks, All Other",220,230,10,4.5,30,,,,,,,,,,,,,,,,,,,,,,,
Alabama,Food Preparation Workers,8950,9430,480,5.4,1640,,,,,,,,,,,,,,,,,,,,,,,
Alabama,Bartenders,4460,4770,310,7.0,840,,,,,,,,,,,,,,,,,,,,,,,
Alabama,"Combined Food Preparation and Serving Workers, Including Fast Food",62390,70580,8190,13.1,12660,,,,,,,,,,,,,,,,,,,,,,,
Alabama,"Counter Attendants, Cafeteria, Food Concession, and Coffee Shop",4070,4160,90,2.2,900,,,,,,,,,,,,,,,,,,,,,,,
Alabama,Waiters and Waitresses,34180,34760,580,1.7,6670,,,,,,,,,,,,,,,,,,,,,,,
Alabama,"Food Servers, Nonrestaurant",2130,2210,80,3.8,350,,,,,,,,,,,,,,,,,,,,,,,
Alabama,Dining Room and Cafeteria Attendants and Bartender Helpers,2330,2480,150,6.4,430,,,,,,,,,,,,,,,,,,,,,,,
Alabama,Dishwashers,4080,4050,-30,-0.7,640,,,,,,,,,,,,,,,,,,,,,,,
Alabama,"Hosts and Hostesses, Restaurant, Lounge, and Coffee Shop",4210,4470,260,6.2,1020,,,,,,,,,,,,,,,,,,,,,,,
Alabama,"Food Preparation and Serving Related Workers, All Other",340,360,20,5.9,60,,,,,,,,,,,,,,,,,,,,,,,
Alabama,First-Line Supervisors of Housekeeping and Janitorial Workers,3380,3640,260,7.7,430,,,,,,,,,,,,,,,,,,,,,,,
Alabama,"First-Line Supervisors of Landscaping, Lawn Service, and Groundskeeping Workers",3000,3240,240,8.0,360,,,,,,,,,,,,,,,,,,,,,,,
Alabama,"Janitors and Cleaners, Except Maids and Housekeeping Cleaners",33770,35910,2140,6.3,4800,,,,,,,,,,,,,,,,,,,,,,,
Alabama,Maids and Housekeeping Cleaners,14080,14460,380,2.7,1960,,,,,,,,,,,,,,,,,,,,,,,
Alabama,Landscaping and Groundskeeping Workers,16850,18170,1320,7.8,2400,,,,,,,,,,,,,,,,,,,,,,,
Alabama,"Pesticide Handlers, Sprayers, and Applicators, Vegetation",650,690,40,6.2,90,,,,,,,,,,,,,,,,,,,,,,,
Alabama,Tree Trimmers and Pruners,470,490,20,4.3,60,,,,,,,,,,,,,,,,,,,,,,,
Alabama,"Grounds Maintenance Workers, All Other",360,380,20,5.6,50,,,,,,,,,,,,,,,,,,,,,,,
Alabama,First-Line Supervisors of Gaming Workers,290,330,40,13.8,50,,,,,,,,,,,,,,,,,,,,,,,
Alabama,First-Line Supervisors of Personal Service Workers,3540,3820,280,7.9,390,,,,,,,,,,,,,,,,,,,,,,,
Alabama,Animal Trainers,290,320,30,10.3,50,,,,,,,,,,,,,,,,,,,,,,,
Alabama,Nonfarm Animal Caretakers,4040,4660,620,15.3,770,,,,,,,,,,,,,,,,,,,,,,,
Alabama,Gaming Dealers,80,90,10,12.5,10,,,,,,,,,,,,,,,,,,,,,,,
Alabama,Gaming and Sports Book Writers and Runners,110,110,0,0.0,20,,,,,,,,,,,,,,,,,,,,,,,
Alabama,Motion Picture Projectionists,30,30,0,0.0,10,,,,,,,,,,,,,,,,,,,,,,,
Alabama,"Ushers, Lobby Attendants, and Ticket Takers",460,510,50,10.9,120,,,,,,,,,,,,,,,,,,,,,,,
Alabama,Amusement and Recreation Attendants,2360,2530,170,7.2,580,,,,,,,,,,,,,,,,,,,,,,,
Alabama,Costume Attendants,30,30,0,0.0,10,,,,,,,,,,,,,,,,,,,,,,,
Alabama,"Locker Room, Coatroom, and Dressing Room Attendants",70,80,10,14.3,20,,,,,,,,,,,,,,,,,,,,,,,
Alabama,Embalmers,190,190,0,0.0,30,,,,,,,,,,,,,,,,,,,,,,,
Alabama,Funeral Attendants,540,560,20,3.7,90,,,,,,,,,,,,,,,,,,,,,,,
Alabama,"Morticians, Undertakers, and Funeral Directors",510,530,20,3.9,60,,,,,,,,,,,,,,,,,,,,,,,
Alabama,Barbers,930,970,40,4.3,110,,,,,,,,,,,,,,,,,,,,,,,
Alabama,"Hairdressers, Hairstylists, and Cosmetologists",8090,8590,500,6.2,1090,,,,,,,,,,,,,,,,,,,,,,,
Alabama,"Makeup Artists, Theatrical and Performance",20,30,10,50.0,0,,,,,,,,,,,,,,,,,,,,,,,
Alabama,Manicurists and Pedicurists,910,970,60,6.6,110,,,,,,,,,,,,,,,,,,,,,,,
Alabama,Shampooers,130,140,10,7.7,20,,,,,,,,,,,,,,,,,,,,,,,
Alabama,Skincare Specialists,550,600,50,9.1,70,,,,,,,,,,,,,,,,,,,,,,,
Alabama,Baggage Porters and Bellhops,240,270,30,12.5,40,,,,,,,,,,,,,,,,,,,,,,,
Alabama,Concierges,140,150,10,7.1,20,,,,,,,,,,,,,,,,,,,,,,,
Alabama,Tour and Travel Guides,470,500,30,6.4,90,,,,,,,,,,,,,,,,,,,,,,,
Alabama,Childcare Workers,14090,14690,600,4.3,2210,,,,,,,,,,,,,,,,,,,,,,,
Alabama,Personal Care Aides,15970,19270,3300,20.7,2790,,,,,,,,,,,,,,,,,,,,,,,
Alabama,Fitness Trainers and Aerobics Instructors,3400,3870,470,13.8,650,,,,,,,,,,,,,,,,,,,,,,,
Alabama,Recreation Workers,6460,6940,480,7.4,1160,,,,,,,,,,,,,,,,,,,,,,,
Alabama,Residential Advisors,2850,3100,250,8.8,480,,,,,,,,,,,,,,,,,,,,,,,
Alabama,"Personal Care and Service Workers, All Other",680,730,50,7.4,110,,,,,,,,,,,,,,,,,,,,,,,
Alabama,First-Line Supervisors of Retail Sales Workers,25520,25750,230,0.9,2840,,,,,,,,,,,,,,,,,,,,,,,
Alabama,First-Line Supervisors of Non-Retail Sales Workers,4930,4870,-60,-1.2,460,,,,,,,,,,,,,,,,,,,,,,,
Alabama,Cashiers,65730,64290,-1440,-2.2,12120,,,,,,,,,,,,,,,,,,,,,,,
Alabama,Gaming Change Persons and Booth Cashiers,20,20,0,0.0,0,,,,,,,,,,,,,,,,,,,,,,,
Alabama,Counter and Rental Clerks,7110,7340,230,3.2,950,,,,,,,,,,,,,,,,,,,,,,,
Alabama,Parts Salespersons,4150,4340,190,4.6,530,,,,,,,,,,,,,,,,,,,,,,,
Alabama,Retail Salespersons,63830,64840,1010,1.6,9500,,,,,,,,,,,,,,,,,,,,,,,
Alabama,Advertising Sales Agents,1560,1460,-100,-6.4,200,,,,,,,,,,,,,,,,,,,,,,,
Alabama,Insurance Sales Agents,6230,6910,680,10.9,710,,,,,,,,,,,,,,,,,,,,,,,
Alabama,"Securities, Commodities, and Financial Services Sales Agents",2500,2640,140,5.6,260,,,,,,,,,,,,,,,,,,,,,,,
Alabama,Travel Agents,500,470,-30,-6.0,60,,,,,,,,,,,,,,,,,,,,,,,
Alabama,"Sales Representatives, Services, All Other",7250,7580,330,4.6,970,,,,,,,,,,,,,,,,,,,,,,,
Alabama,"Sales Representatives, Wholesale and Manufacturing, Technical and Scientific Products",1960,2170,210,10.7,240,,,,,,,,,,,,,,,,,,,,,,,
Alabama,"Sales Representatives, Wholesale and Manufacturing, Except Technical and Scientific Products",23110,24560,1450,6.3,2640,,,,,,,,,,,,,,,,,,,,,,,
Alabama,Demonstrators and Product Promoters,1300,1370,70,5.4,240,,,,,,,,,,,,,,,,,,,,,,,
Alabama,Real Estate Brokers,950,1000,50,5.3,100,,,,,,,,,,,,,,,,,,,,,,,
Alabama,Real Estate Sales Agents,4220,4440,220,5.2,430,,,,,,,,,,,,,,,,,,,,,,,
Alabama,Sales Engineers,260,280,20,7.7,30,,,,,,,,,,,,,,,,,,,,,,,
Alabama,Telemarketers,1930,1530,-400,-20.7,230,,,,,,,,,,,,,,,,,,,,,,,
Alabama,"Door-to-Door Sales Workers, News and Street Vendors, and Related Workers",750,680,-70,-9.3,80,,,,,,,,,,,,,,,,,,,,,,,
Alabama,First-Line Supervisors of Office and Administrative Support Workers,20260,20250,-10,0.0,2120,,,,,,,,,,,,,,,,,,,,,,,
Alabama,"Switchboard Operators, Including Answering Service",1140,840,-300,-26.3,90,,,,,,,,,,,,,,,,,,,,,,,
Alabama,Bill and Account Collectors,3040,2780,-260,-8.6,320,,,,,,,,,,,,,,,,,,,,,,,
Alabama,Billing and Posting Clerks,6100,6630,530,8.7,740,,,,,,,,,,,,,,,,,,,,,,,
Alabama,"Bookkeeping, Accounting, and Auditing Clerks",24870,23950,-920,-3.7,2750,,,,,,,,,,,,,,,,,,,,,,,
Alabama,Payroll and Timekeeping Clerks,2070,1990,-80,-3.9,220,,,,,,,,,,,,,,,,,,,,,,,
Alabama,Procurement Clerks,650,610,-40,-6.2,60,,,,,,,,,,,,,,,,,,,,,,,
Alabama,Tellers,9730,8840,-890,-9.1,1030,,,,,,,,,,,,,,,,,,,,,,,
Alabama,Brokerage Clerks,550,580,30,5.5,60,,,,,,,,,,,,,,,,,,,,,,,
Alabama,Correspondence Clerks,40,40,0,0.0,10,,,,,,,,,,,,,,,,,,,,,,,
Alabama,"Court, Municipal, and License Clerks",2830,2920,90,3.2,280,,,,,,,,,,,,,,,,,,,,,,,
Alabama,"Credit Authorizers, Checkers, and Clerks",580,550,-30,-5.2,50,,,,,,,,,,,,,,,,,,,,,,,
Alabama,Customer Service Representatives,35910,35960,50,0.1,4800,,,,,,,,,,,,,,,,,,,,,,,
Alabama,"Eligibility Interviewers, Government Programs",3090,3140,50,1.6,300,,,,,,,,,,,,,,,,,,,,,,,
Alabama,File Clerks,710,620,-90,-12.7,70,,,,,,,,,,,,,,,,,,,,,,,
Alabama,"Hotel, Motel, and Resort Desk Clerks",4210,4290,80,1.9,730,,,,,,,,,,,,,,,,,,,,,,,
Alabama,"Interviewers, Except Eligibility and Loan",3870,3940,70,1.8,490,,,,,,,,,,,,,,,,,,,,,,,
Alabama,"Library Assistants, Clerical",1200,1140,-60,-5.0,170,,,,,,,,,,,,,,,,,,,,,,,
Alabama,Loan Interviewers and Clerks,2340,2540,200,8.5,270,,,,,,,,,,,,,,,,,,,,,,,
Alabama,New Accounts Clerks,430,420,-10,-2.3,50,,,,,,,,,,,,,,,,,,,,,,,
Alabama,Order Clerks,850,950,100,11.8,120,,,,,,,,,,,,,,,,,,,,,,,
Alabama,"Human Resources Assistants, Except Payroll and Timekeeping",1150,1090,-60,-5.2,120,,,,,,,,,,,,,,,,,,,,,,,
Alabama,Receptionists and Information Clerks,14320,15040,720,5.0,2040,,,,,,,,,,,,,,,,,,,,,,,
Alabama,Reservation and Transportation Ticket Agents and Travel Clerks,190,210,20,10.5,20,,,,,,,,,,,,,,,,,,,,,,,
Alabama,"Information and Record Clerks, All Other",1100,1120,20,1.8,130,,,,,,,,,,,,,,,,,,,,,,,
Alabama,Cargo and Freight Agents,780,870,90,11.5,90,,,,,,,,,,,,,,,,,,,,,,,
Alabama,Couriers and Messengers,1500,1480,-20,-1.3,140,,,,,,,,,,,,,,,,,,,,,,,
Alabama,"Police, Fire, and Ambulance Dispatchers",2740,2850,110,4.0,280,,,,,,,,,,,,,,,,,,,,,,,
Alabama,"Dispatchers, Except Police, Fire, and Ambulance",2860,2880,20,0.7,270,,,,,,,,,,,,,,,,,,,,,,,
Alabama,"Meter Readers, Utilities",620,550,-70,-11.3,50,,,,,,,,,,,,,,,,,,,,,,,
Alabama,Postal Service Clerks,1170,1070,-100,-8.5,80,,,,,,,,,,,,,,,,,,,,,,,
Alabama,Postal Service Mail Carriers,5490,5020,-470,-8.6,350,,,,,,,,,,,,,,,,,,,,,,,
Alabama,"Postal Service Mail Sorters, Processors, and Processing Machine Operators",920,800,-120,-13.0,60,,,,,,,,,,,,,,,,,,,,,,,
Alabama,"Production, Planning, and Expediting Clerks",3310,3560,250,7.6,380,,,,,,,,,,,,,,,,,,,,,,,
Alabama,"Shipping, Receiving, and Traffic Clerks",7840,8020,180,2.3,810,,,,,,,,,,,,,,,,,,,,,,,
Alabama,Stock Clerks and Order Fillers,21960,23020,1060,4.8,3100,,,,,,,,,,,,,,,,,,,,,,,
Alabama,"Weighers, Measurers, Checkers, and Samplers, Recordkeeping",1920,2030,110,5.7,240,,,,,,,,,,,,,,,,,,,,,,,
Alabama,Executive Secretaries and Executive Administrative Assistants,3980,3240,-740,-18.6,330,,,,,,,,,,,,,,,,,,,,,,,
Alabama,Legal Secretaries,3950,3250,-700,-17.7,330,,,,,,,,,,,,,,,,,,,,,,,
Alabama,Medical Secretaries,6060,6930,870,14.4,810,,,,,,,,,,,,,,,,,,,,,,,
Alabama,"Secretaries and Administrative Assistants, Except Legal, Medical, and Executive",51170,46750,-4420,-8.6,5040,,,,,,,,,,,,,,,,,,,,,,,
Alabama,Computer Operators,680,530,-150,-22.1,60,,,,,,,,,,,,,,,,,,,,,,,
Alabama,Data Entry Keyers,1660,1310,-350,-21.1,140,,,,,,,,,,,,,,,,,,,,,,,
Alabama,Word Processors and Typists,460,310,-150,-32.6,30,,,,,,,,,,,,,,,,,,,,,,,
Alabama,Desktop Publishers,90,80,-10,-11.1,10,,,,,,,,,,,,,,,,,,,,,,,
Alabama,Insurance Claims and Policy Processing Clerks,2570,2660,90,3.5,270,,,,,,,,,,,,,,,,,,,,,,,
Alabama,"Mail Clerks and Mail Machine Operators, Except Postal Service",670,600,-70,-10.4,60,,,,,,,,,,,,,,,,,,,,,,,
Alabama,"Office Clerks, General",33320,31790,-1530,-4.6,3740,,,,,,,,,,,,,,,,,,,,,,,
Alabama,"Office Machine Operators, Except Computer",400,350,-50,-12.5,40,,,,,,,,,,,,,,,,,,,,,,,
Alabama,Proofreaders and Copy Markers,70,70,0,0.0,10,,,,,,,,,,,,,,,,,,,,,,,
Alabama,Statistical Assistants,60,70,10,16.7,10,,,,,,,,,,,,,,,,,,,,,,,
Alabama,"Office and Administrative Support Workers, All Other",2330,2520,190,8.2,300,,,,,,,,,,,,,,,,,,,,,,,
Alabama,"Graders and Sorters, Agricultural Products",790,780,-10,-1.3,120,,,,,,,,,,,,,,,,,,,,,,,
Alabama,Agricultural Equipment Operators,2090,2290,200,9.6,380,,,,,,,,,,,,,,,,,,,,,,,
Alabama,"Farmworkers and Laborers, Crop, Nursery, and Greenhouse",21200,21170,-30,-0.1,3540,,,,,,,,,,,,,,,,,,,,,,,
Alabama,"Farmworkers, Farm, Ranch, and Aquacultural Animals",1140,1130,-10,-0.9,100,,,,,,,,,,,,,,,,,,,,,,,
Alabama,"Agricultural Workers, All Other",430,450,20,4.7,70,,,,,,,,,,,,,,,,,,,,,,,
Alabama,Fishers and Related Fishing Workers,30,30,0,0.0,10,,,,,,,,,,,,,,,,,,,,,,,
Alabama,Forest and Conservation Workers,50,50,0,0.0,10,,,,,,,,,,,,,,,,,,,,,,,
Alabama,Fallers,140,120,-20,-14.3,20,,,,,,,,,,,,,,,,,,,,,,,
Alabama,Logging Equipment Operators,2240,2110,-130,-5.8,330,,,,,,,,,,,,,,,,,,,,,,,
Alabama,Log Graders and Scalers,170,170,0,0.0,30,,,,,,,,,,,,,,,,,,,,,,,
Alabama,"Logging Workers, All Other",90,80,-10,-11.1,10,,,,,,,,,,,,,,,,,,,,,,,
Alabama,First-Line Supervisors of Construction Trades and Extraction Workers,12300,13340,1040,8.5,1440,,,,,,,,,,,,,,,,,,,,,,,
Alabama,Boilermakers,360,390,30,8.3,40,,,,,,,,,,,,,,,,,,,,,,,
Alabama,Brickmasons and Blockmasons,840,900,60,7.1,90,,,,,,,,,,,,,,,,,,,,,,,
Alabama,Stonemasons,160,170,10,6.3,20,,,,,,,,,,,,,,,,,,,,,,,
Alabama,Carpenters,10250,10910,660,6.4,1160,,,,,,,,,,,,,,,,,,,,,,,
Alabama,Carpet Installers,260,260,0,0.0,30,,,,,,,,,,,,,,,,,,,,,,,
Alabama,"Floor Layers, Except Carpet, Wood, and Hard Tiles",350,420,70,20.0,50,,,,,,,,,,,,,,,,,,,,,,,
Alabama,Floor Sanders and Finishers,50,60,10,20.0,10,,,,,,,,,,,,,,,,,,,,,,,
Alabama,Tile and Marble Setters,440,510,70,15.9,50,,,,,,,,,,,,,,,,,,,,,,,
Alabama,Cement Masons and Concrete Finishers,1840,2010,170,9.2,220,,,,,,,,,,,,,,,,,,,,,,,
Alabama,Construction Laborers,14250,15460,1210,8.5,1770,,,,,,,,,,,,,,,,,,,,,,,
Alabama,"Paving, Surfacing, and Tamping Equipment Operators",1050,1160,110,10.5,150,,,,,,,,,,,,,,,,,,,,,,,
Alabama,Operating Engineers and Other Construction Equipment Operators,6320,6770,450,7.1,800,,,,,,,,,,,,,,,,,,,,,,,
Alabama,Drywall and Ceiling Tile Installers,1000,1050,50,5.0,110,,,,,,,,,,,,,,,,,,,,,,,
Alabama,Tapers,50,50,0,0.0,10,,,,,,,,,,,,,,,,,,,,,,,
Alabama,Electricians,9720,10510,790,8.1,1250,,,,,,,,,,,,,,,,,,,,,,,
Alabama,Glaziers,540,590,50,9.3,70,,,,,,,,,,,,,,,,,,,,,,,
Alabama,"Insulation Workers, Floor, Ceiling, and Wall",500,520,20,4.0,60,,,,,,,,,,,,,,,,,,,,,,,
Alabama,"Insulation Workers, Mechanical",350,380,30,8.6,50,,,,,,,,,,,,,,,,,,,,,,,
Alabama,"Painters, Construction and Maintenance",4240,4510,270,6.4,470,,,,,,,,,,,,,,,,,,,,,,,
Alabama,Paperhangers,70,70,0,0.0,10,,,,,,,,,,,,,,,,,,,,,,,
Alabama,Pipelayers,2700,2880,180,6.7,330,,,,,,,,,,,,,,,,,,,,,,,
Alabama,"Plumbers, Pipefitters, and Steamfitters",7130,7900,770,10.8,910,,,,,,,,,,,,,,,,,,,,,,,
Alabama,Plasterers and Stucco Masons,270,280,10,3.7,30,,,,,,,,,,,,,,,,,,,,,,,
Alabama,Reinforcing Iron and Rebar Workers,110,120,10,9.1,20,,,,,,,,,,,,,,,,,,,,,,,
Alabama,Roofers,1370,1490,120,8.8,160,,,,,,,,,,,,,,,,,,,,,,,
Alabama,Sheet Metal Workers,1390,1500,110,7.9,170,,,,,,,,,,,,,,,,,,,,,,,
Alabama,Structural Iron and Steel Workers,1100,1200,100,9.1,150,,,,,,,,,,,,,,,,,,,,,,,
Alabama,"Helpers--Brickmasons, Blockmasons, Stonemasons, and Tile and Marble Setters",340,370,30,8.8,50,,,,,,,,,,,,,,,,,,,,,,,
Alabama,Helpers--Carpenters,390,440,50,12.8,60,,,,,,,,,,,,,,,,,,,,,,,
Alabama,Helpers--Electricians,2080,2170,90,4.3,290,,,,,,,,,,,,,,,,,,,,,,,
Alabama,"Helpers--Painters, Paperhangers, Plasterers, and Stucco Masons",130,140,10,7.7,20,,,,,,,,,,,,,,,,,,,,,,,
Alabama,"Helpers--Pipelayers, Plumbers, Pipefitters, and Steamfitters",1150,1290,140,12.2,180,,,,,,,,,,,,,,,,,,,,,,,
Alabama,Helpers--Roofers,180,200,20,11.1,30,,,,,,,,,,,,,,,,,,,,,,,
Alabama,"Helpers, Construction Trades, All Other",450,490,40,8.9,70,,,,,,,,,,,,,,,,,,,,,,,
Alabama,Construction and Building Inspectors,1550,1640,90,5.8,210,,,,,,,,,,,,,,,,,,,,,,,
Alabama,Elevator Installers and Repairers,220,230,10,4.5,30,,,,,,,,,,,,,,,,,,,,,,,
Alabama,Fence Erectors,620,690,70,11.3,80,,,,,,,,,,,,,,,,,,,,,,,
Alabama,Hazardous Materials Removal Workers,650,720,70,10.8,90,,,,,,,,,,,,,,,,,,,,,,,
Alabama,Highway Maintenance Workers,3800,3920,120,3.2,440,,,,,,,,,,,,,,,,,,,,,,,
Alabama,Rail-Track Laying and Maintenance Equipment Operators,190,210,20,10.5,20,,,,,,,,,,,,,,,,,,,,,,,
Alabama,Septic Tank Servicers and Sewer Pipe Cleaners,270,310,40,14.8,40,,,,,,,,,,,,,,,,,,,,,,,
Alabama,Miscellaneous Construction and Related Workers,890,950,60,6.7,120,,,,,,,,,,,,,,,,,,,,,,,
Alabama,"Rotary Drill Operators, Oil and Gas",40,40,0,0.0,10,,,,,,,,,,,,,,,,,,,,,,,
Alabama,"Service Unit Operators, Oil, Gas, and Mining",70,80,10,14.3,10,,,,,,,,,,,,,,,,,,,,,,,
Alabama,"Earth Drillers, Except Oil and Gas",290,310,20,6.9,40,,,,,,,,,,,,,,,,,,,,,,,
Alabama,"Explosives Workers, Ordnance Handling Experts, and Blasters",90,100,10,11.1,10,,,,,,,,,,,,,,,,,,,,,,,
Alabama,Mine Cutting and Channeling Machine Operators,320,320,0,0.0,40,,,,,,,,,,,,,,,,,,,,,,,
Alabama,Helpers--Extraction Workers,260,260,0,0.0,40,,,,,,,,,,,,,,,,,,,,,,,
Alabama,"Extraction Workers, All Other",180,190,10,5.6,30,,,,,,,,,,,,,,,,,,,,,,,
Alabama,"First-Line Supervisors of Mechanics, Installers, and Repairers",8690,9230,540,6.2,880,,,,,,,,,,,,,,,,,,,,,,,
Alabama,"Computer, Automated Teller, and Office Machine Repairers",2030,2080,50,2.5,220,,,,,,,,,,,,,,,,,,,,,,,
Alabama,"Radio, Cellular, and Tower Equipment Installers and Repairs",480,570,90,18.8,70,,,,,,,,,,,,,,,,,,,,,,,
Alabama,"Telecommunications Equipment Installers and Repairers, Except Line Installers",4010,3680,-330,-8.2,390,,,,,,,,,,,,,,,,,,,,,,,
Alabama,Avionics Technicians,780,900,120,15.4,70,,,,,,,,,,,,,,,,,,,,,,,
Alabama,"Electric Motor, Power Tool, and Related Repairers",460,500,40,8.7,50,,,,,,,,,,,,,,,,,,,,,,,
Alabama,"Electrical and Electronics Installers and Repairers, Transportation Equipment",220,290,70,31.8,30,,,,,,,,,,,,,,,,,,,,,,,
Alabama,"Electrical and Electronics Repairers, Commercial and Industrial Equipment",1500,1530,30,2.0,140,,,,,,,,,,,,,,,,,,,,,,,
Alabama,"Electrical and Electronics Repairers, Powerhouse, Substation, and Relay",790,830,40,5.1,70,,,,,,,,,,,,,,,,,,,,,,,
Alabama,"Electronic Equipment Installers and Repairers, Motor Vehicles",100,60,-40,-40.0,10,,,,,,,,,,,,,,,,,,,,,,,
Alabama,Electronic Home Entertainment Equipment Installers and Repairers,270,270,0,0.0,30,,,,,,,,,,,,,,,,,,,,,,,
Alabama,Security and Fire Alarm Systems Installers,1140,1260,120,10.5,160,,,,,,,,,,,,,,,,,,,,,,,
Alabama,Automotive Body and Related Repairers,2260,2370,110,4.9,230,,,,,,,,,,,,,,,,,,,,,,,
Alabama,Automotive Glass Installers and Repairers,530,550,20,3.8,60,,,,,,,,,,,,,,,,,,,,,,,
Alabama,Automotive Service Technicians and Mechanics,9540,9570,30,0.3,930,,,,,,,,,,,,,,,,,,,,,,,
Alabama,Bus and Truck Mechanics and Diesel Engine Specialists,5550,5850,300,5.4,560,,,,,,,,,,,,,,,,,,,,,,,
Alabama,Farm Equipment Mechanics and Service Technicians,860,920,60,7.0,100,,,,,,,,,,,,,,,,,,,,,,,
Alabama,"Mobile Heavy Equipment Mechanics, Except Engines",2380,2470,90,3.8,250,,,,,,,,,,,,,,,,,,,,,,,
Alabama,Rail Car Repairers,270,280,10,3.7,30,,,,,,,,,,,,,,,,,,,,,,,
Alabama,Motorboat Mechanics and Service Technicians,550,590,40,7.3,60,,,,,,,,,,,,,,,,,,,,,,,
Alabama,Motorcycle Mechanics,330,350,20,6.1,40,,,,,,,,,,,,,,,,,,,,,,,
Alabama,Outdoor Power Equipment and Other Small Engine Mechanics,770,810,40,5.2,80,,,,,,,,,,,,,,,,,,,,,,,
Alabama,Recreational Vehicle Service Technicians,210,230,20,9.5,30,,,,,,,,,,,,,,,,,,,,,,,
Alabama,Tire Repairers and Changers,2500,2520,20,0.8,280,,,,,,,,,,,,,,,,,,,,,,,
Alabama,Mechanical Door Repairers,150,160,10,6.7,10,,,,,,,,,,,,,,,,,,,,,,,
Alabama,"Control and Valve Installers and Repairers, Except Mechanical Door",1030,1060,30,2.9,90,,,,,,,,,,,,,,,,,,,,,,,
Alabama,"Heating, Air Conditioning, and Refrigeration Mechanics and Installers",6150,6870,720,11.7,710,,,,,,,,,,,,,,,,,,,,,,,
Alabama,Home Appliance Repairers,420,410,-10,-2.4,40,,,,,,,,,,,,,,,,,,,,,,,
Alabama,Industrial Machinery Mechanics,11980,13950,1970,16.4,1390,,,,,,,,,,,,,,,,,,,,,,,
Alabama,"Maintenance Workers, Machinery",1300,1500,200,15.4,150,,,,,,,,,,,,,,,,,,,,,,,
Alabama,Millwrights,1170,1310,140,12.0,120,,,,,,,,,,,,,,,,,,,,,,,
Alabama,"Refractory Materials Repairers, Except Brickmasons",60,60,0,0.0,10,,,,,,,,,,,,,,,,,,,,,,,
Alabama,Electrical Power-Line Installers and Repairers,3170,3430,260,8.2,300,,,,,,,,,,,,,,,,,,,,,,,
Alabama,Telecommunications Line Installers and Repairers,1160,1160,0,0.0,130,,,,,,,,,,,,,,,,,,,,,,,
Alabama,Medical Equipment Repairers,940,970,30,3.2,100,,,,,,,,,,,,,,,,,,,,,,,
Alabama,Musical Instrument Repairers and Tuners,150,140,-10,-6.7,10,,,,,,,,,,,,,,,,,,,,,,,
Alabama,"Precision Instrument and Equipment Repairers, All Other",210,220,10,4.8,20,,,,,,,,,,,,,,,,,,,,,,,
Alabama,"Maintenance and Repair Workers, General",16570,17640,1070,6.5,1770,,,,,,,,,,,,,,,,,,,,,,,
Alabama,"Coin, Vending, and Amusement Machine Servicers and Repairers",670,690,20,3.0,80,,,,,,,,,,,,,,,,,,,,,,,
Alabama,Commercial Divers,110,110,0,0.0,10,,,,,,,,,,,,,,,,,,,,,,,
Alabama,Locksmiths and Safe Repairers,420,390,-30,-7.1,40,,,,,,,,,,,,,,,,,,,,,,,
Alabama,Riggers,280,300,20,7.1,30,,,,,,,,,,,,,,,,,,,,,,,
Alabama,Signal and Track Switch Repairers,20,20,0,0.0,0,,,,,,,,,,,,,,,,,,,,,,,
Alabama,"Helpers--Installation, Maintenance, and Repair Workers",2590,2790,200,7.7,360,,,,,,,,,,,,,,,,,,,,,,,
Alabama,"Installation, Maintenance, and Repair Workers, All Other",2880,3060,180,6.3,340,,,,,,,,,,,,,,,,,,,,,,,
Alabama,First-Line Supervisors of Production and Operating Workers,13700,15160,1460,10.7,1620,,,,,,,,,,,,,,,,,,,,,,,
Alabama,"Aircraft Structure, Surfaces, Rigging, and Systems Assemblers",1230,1260,30,2.4,110,,,,,,,,,,,,,,,,,,,,,,,
Alabama,"Coil Winders, Tapers, and Finishers",350,290,-60,-17.1,30,,,,,,,,,,,,,,,,,,,,,,,
Alabama,"Electrical, Electronic, and Electromechanical Assemblers, Except Coil Winders, Tapers, and Finishers",3860,4310,450,11.7,510,,,,,,,,,,,,,,,,,,,,,,,
Alabama,Engine and Other Machine Assemblers,1640,1690,50,3.0,200,,,,,,,,,,,,,,,,,,,,,,,
Alabama,Structural Metal Fabricators and Fitters,2930,2570,-360,-12.3,250,,,,,,,,,,,,,,,,,,,,,,,
Alabama,Fiberglass Laminators and Fabricators,420,480,60,14.3,60,,,,,,,,,,,,,,,,,,,,,,,
Alabama,"Assemblers and Fabricators, All Other, Including Team Assemblers",38240,41270,3030,7.9,4930,,,,,,,,,,,,,,,,,,,,,,,
Alabama,Bakers,1510,1570,60,4.0,220,,,,,,,,,,,,,,,,,,,,,,,
Alabama,Butchers and Meat Cutters,1670,1760,90,5.4,220,,,,,,,,,,,,,,,,,,,,,,,
Alabama,"Meat, Poultry, and Fish Cutters and Trimmers",12340,12780,440,3.6,1600,,,,,,,,,,,,,,,,,,,,,,,
Alabama,Slaughterers and Meat Packers,3250,3370,120,3.7,420,,,,,,,,,,,,,,,,,,,,,,,
Alabama,"Food and Tobacco Roasting, Baking, and Drying Machine Operators and Tenders",300,300,0,0.0,40,,,,,,,,,,,,,,,,,,,,,,,
Alabama,Food Batchmakers,1040,1060,20,1.9,160,,,,,,,,,,,,,,,,,,,,,,,
Alabama,Food Cooking Machine Operators and Tenders,830,860,30,3.6,140,,,,,,,,,,,,,,,,,,,,,,,
Alabama,"Food Processing Workers, All Other",990,1060,70,7.1,120,,,,,,,,,,,,,,,,,,,,,,,
Alabama,"Computer-Controlled Machine Tool Operators, Metal and Plastic",1750,1850,100,5.7,200,,,,,,,,,,,,,,,,,,,,,,,
Alabama,"Computer Numerically Controlled Machine Tool Programmers, Metal and Plastic",460,620,160,34.8,70,,,,,,,,,,,,,,,,,,,,,,,
Alabama,"Extruding and Drawing Machine Setters, Operators, and Tenders, Metal and Plastic",2600,2730,130,5.0,350,,,,,,,,,,,,,,,,,,,,,,,
Alabama,"Forging Machine Setters, Operators, and Tenders, Metal and Plastic",1400,1200,-200,-14.3,100,,,,,,,,,,,,,,,,,,,,,,,
Alabama,"Rolling Machine Setters, Operators, and Tenders, Metal and Plastic",1340,1370,30,2.2,130,,,,,,,,,,,,,,,,,,,,,,,
Alabama,"Cutting, Punching, and Press Machine Setters, Operators, and Tenders, Metal and Plastic",6030,6380,350,5.8,730,,,,,,,,,,,,,,,,,,,,,,,
Alabama,"Drilling and Boring Machine Tool Setters, Operators, and Tenders, Metal and Plastic",700,590,-110,-15.7,60,,,,,,,,,,,,,,,,,,,,,,,
Alabama,"Grinding, Lapping, Polishing, and Buffing Machine Tool Setters, Operators, and Tenders, Metal and Plastic",1840,1870,30,1.6,210,,,,,,,,,,,,,,,,,,,,,,,
Alabama,"Lathe and Turning Machine Tool Setters, Operators, and Tenders, Metal and Plastic",370,380,10,2.7,40,,,,,,,,,,,,,,,,,,,,,,,
Alabama,Machinists,5780,6350,570,9.9,670,,,,,,,,,,,,,,,,,,,,,,,
Alabama,Metal-Refining Furnace Operators and Tenders,1680,1810,130,7.7,220,,,,,,,,,,,,,,,,,,,,,,,
Alabama,"Pourers and Casters, Metal",330,340,10,3.0,40,,,,,,,,,,,,,,,,,,,,,,,
Alabama,"Patternmakers, Metal and Plastic",230,210,-20,-8.7,20,,,,,,,,,,,,,,,,,,,,,,,
Alabama,"Molding, Coremaking, and Casting Machine Setters, Operators, and Tenders, Metal and Plastic",4470,4670,200,4.5,520,,,,,,,,,,,,,,,,,,,,,,,
Alabama,"Multiple Machine Tool Setters, Operators, and Tenders, Metal and Plastic",2590,2910,320,12.4,320,,,,,,,,,,,,,,,,,,,,,,,
Alabama,Tool and Die Makers,890,1020,130,14.6,110,,,,,,,,,,,,,,,,,,,,,,,
Alabama,"Welders, Cutters, Solderers, and Brazers",10010,11100,1090,10.9,1260,,,,,,,,,,,,,,,,,,,,,,,
Alabama,"Welding, Soldering, and Brazing Machine Setters, Operators, and Tenders",950,950,0,0.0,100,,,,,,,,,,,,,,,,,,,,,,,
Alabama,"Heat Treating Equipment Setters, Operators, and Tenders, Metal and Plastic",190,190,0,0.0,20,,,,,,,,,,,,,,,,,,,,,,,
Alabama,"Layout Workers, Metal and Plastic",620,660,40,6.5,70,,,,,,,,,,,,,,,,,,,,,,,
Alabama,"Plating and Coating Machine Setters, Operators, and Tenders, Metal and Plastic",660,670,10,1.5,70,,,,,,,,,,,,,,,,,,,,,,,
Alabama,"Tool Grinders, Filers, and Sharpeners",300,320,20,6.7,50,,,,,,,,,,,,,,,,,,,,,,,
Alabama,"Metal Workers and Plastic Workers, All Other",700,670,-30,-4.3,70,,,,,,,,,,,,,,,,,,,,,,,
Alabama,Prepress Technicians and Workers,300,230,-70,-23.3,30,,,,,,,,,,,,,,,,,,,,,,,
Alabama,Printing Press Operators,2040,1920,-120,-5.9,200,,,,,,,,,,,,,,,,,,,,,,,
Alabama,Print Binding and Finishing Workers,320,270,-50,-15.6,40,,,,,,,,,,,,,,,,,,,,,,,
Alabama,Laundry and Dry-Cleaning Workers,2970,3040,70,2.4,410,,,,,,,,,,,,,,,,,,,,,,,
Alabama,"Pressers, Textile, Garment, and Related Materials",800,650,-150,-18.8,70,,,,,,,,,,,,,,,,,,,,,,,
Alabama,Sewing Machine Operators,2930,2740,-190,-6.5,300,,,,,,,,,,,,,,,,,,,,,,,
Alabama,Shoe and Leather Workers and Repairers,80,70,-10,-12.5,10,,,,,,,,,,,,,,,,,,,,,,,
Alabama,"Tailors, Dressmakers, and Custom Sewers",350,330,-20,-5.7,40,,,,,,,,,,,,,,,,,,,,,,,
Alabama,Textile Bleaching and Dyeing Machine Operators and Tenders,130,110,-20,-15.4,20,,,,,,,,,,,,,,,,,,,,,,,
Alabama,"Textile Cutting Machine Setters, Operators, and Tenders",290,270,-20,-6.9,20,,,,,,,,,,,,,,,,,,,,,,,
Alabama,"Textile Knitting and Weaving Machine Setters, Operators, and Tenders",1010,850,-160,-15.8,90,,,,,,,,,,,,,,,,,,,,,,,
Alabama,"Textile Winding, Twisting, and Drawing Out Machine Setters, Operators, and Tenders",2320,1960,-360,-15.5,180,,,,,,,,,,,,,,,,,,,,,,,
Alabama,"Extruding and Forming Machine Setters, Operators, and Tenders, Synthetic and Glass Fibers",860,850,-10,-1.2,110,,,,,,,,,,,,,,,,,,,,,,,
Alabama,Fabric and Apparel Patternmakers,30,20,-10,-33.3,0,,,,,,,,,,,,,,,,,,,,,,,
Alabama,Upholsterers,250,250,0,0.0,30,,,,,,,,,,,,,,,,,,,,,,,
Alabama,"Textile, Apparel, and Furnishings Workers, All Other",530,510,-20,-3.8,70,,,,,,,,,,,,,,,,,,,,,,,
Alabama,Cabinetmakers and Bench Carpenters,2960,3020,60,2.0,320,,,,,,,,,,,,,,,,,,,,,,,
Alabama,Furniture Finishers,450,450,0,0.0,50,,,,,,,,,,,,,,,,,,,,,,,
Alabama,"Model Makers, Wood",20,20,0,0.0,0,,,,,,,,,,,,,,,,,,,,,,,
Alabama,"Patternmakers, Wood",30,30,0,0.0,0,,,,,,,,,,,,,,,,,,,,,,,
Alabama,"Sawing Machine Setters, Operators, and Tenders, Wood",3000,3200,200,6.7,380,,,,,,,,,,,,,,,,,,,,,,,
Alabama,"Woodworking Machine Setters, Operators, and Tenders, Except Sawing",1880,2000,120,6.4,280,,,,,,,,,,,,,,,,,,,,,,,
Alabama,"Woodworkers, All Other",460,490,30,6.5,60,,,,,,,,,,,,,,,,,,,,,,,
Alabama,Power Distributors and Dispatchers,470,460,-10,-2.1,40,,,,,,,,,,,,,,,,,,,,,,,
Alabama,Power Plant Operators,640,620,-20,-3.1,60,,,,,,,,,,,,,,,,,,,,,,,
Alabama,Stationary Engineers and Boiler Operators,320,330,10,3.1,40,,,,,,,,,,,,,,,,,,,,,,,
Alabama,Water and Wastewater Treatment Plant and System Operators,2030,1910,-120,-5.9,170,,,,,,,,,,,,,,,,,,,,,,,
Alabama,Chemical Plant and System Operators,840,840,0,0.0,90,,,,,,,,,,,,,,,,,,,,,,,
Alabama,Gas Plant Operators,320,300,-20,-6.3,30,,,,,,,,,,,,,,,,,,,,,,,
Alabama,"Petroleum Pump System Operators, Refinery Operators, and Gaugers",470,490,20,4.3,60,,,,,,,,,,,,,,,,,,,,,,,
Alabama,Chemical Equipment Operators and Tenders,2570,2670,100,3.9,310,,,,,,,,,,,,,,,,,,,,,,,
Alabama,"Separating, Filtering, Clarifying, Precipitating, and Still Machine Setters, Operators, and Tenders",300,310,10,3.3,40,,,,,,,,,,,,,,,,,,,,,,,
Alabama,"Crushing, Grinding, and Polishing Machine Setters, Operators, and Tenders",1090,1060,-30,-2.8,120,,,,,,,,,,,,,,,,,,,,,,,
Alabama,"Grinding and Polishing Workers, Hand",970,820,-150,-15.5,90,,,,,,,,,,,,,,,,,,,,,,,
Alabama,"Mixing and Blending Machine Setters, Operators, and Tenders",2140,2220,80,3.7,260,,,,,,,,,,,,,,,,,,,,,,,
Alabama,"Cutters and Trimmers, Hand",300,230,-70,-23.3,30,,,,,,,,,,,,,,,,,,,,,,,
Alabama,"Cutting and Slicing Machine Setters, Operators, and Tenders",1730,1830,100,5.8,230,,,,,,,,,,,,,,,,,,,,,,,
Alabama,"Extruding, Forming, Pressing, and Compacting Machine Setters, Operators, and Tenders",3000,3130,130,4.3,350,,,,,,,,,,,,,,,,,,,,,,,
Alabama,"Furnace, Kiln, Oven, Drier, and Kettle Operators and Tenders",820,840,20,2.4,90,,,,,,,,,,,,,,,,,,,,,,,
Alabama,"Inspectors, Testers, Sorters, Samplers, and Weighers",11550,10420,-1130,-9.8,1240,,,,,,,,,,,,,,,,,,,,,,,
Alabama,Jewelers and Precious Stone and Metal Workers,490,460,-30,-6.1,60,,,,,,,,,,,,,,,,,,,,,,,
Alabama,Dental Laboratory Technicians,880,1020,140,15.9,130,,,,,,,,,,,,,,,,,,,,,,,
Alabama,Medical Appliance Technicians,120,140,20,16.7,20,,,,,,,,,,,,,,,,,,,,,,,
Alabama,Ophthalmic Laboratory Technicians,130,140,10,7.7,20,,,,,,,,,,,,,,,,,,,,,,,
Alabama,Packaging and Filling Machine Operators and Tenders,2930,3070,140,4.8,360,,,,,,,,,,,,,,,,,,,,,,,
Alabama,"Coating, Painting, and Spraying Machine Setters, Operators, and Tenders",1980,2180,200,10.1,250,,,,,,,,,,,,,,,,,,,,,,,
Alabama,"Painters, Transportation Equipment",1090,1290,200,18.3,150,,,,,,,,,,,,,,,,,,,,,,,
Alabama,"Painting, Coating, and Decorating Workers",530,560,30,5.7,60,,,,,,,,,,,,,,,,,,,,,,,
Alabama,Adhesive Bonding Machine Operators and Tenders,250,280,30,12.0,40,,,,,,,,,,,,,,,,,,,,,,,
Alabama,"Cleaning, Washing, and Metal Pickling Equipment Operators and Tenders",380,390,10,2.6,60,,,,,,,,,,,,,,,,,,,,,,,
Alabama,Cooling and Freezing Equipment Operators and Tenders,310,320,10,3.2,40,,,,,,,,,,,,,,,,,,,,,,,
Alabama,Etchers and Engravers,60,60,0,0.0,10,,,,,,,,,,,,,,,,,,,,,,,
Alabama,"Molders, Shapers, and Casters, Except Metal and Plastic",260,290,30,11.5,30,,,,,,,,,,,,,,,,,,,,,,,
Alabama,"Paper Goods Machine Setters, Operators, and Tenders",3400,3290,-110,-3.2,350,,,,,,,,,,,,,,,,,,,,,,,
Alabama,Tire Builders,2070,2010,-60,-2.9,200,,,,,,,,,,,,,,,,,,,,,,,
Alabama,Helpers--Production Workers,16720,19800,3080,18.4,3000,,,,,,,,,,,,,,,,,,,,,,,
Alabama,"Production Workers, All Other",6260,6350,90,1.4,740,,,,,,,,,,,,,,,,,,,,,,,
Alabama,"Airline Pilots, Copilots, and Flight Engineers",290,300,10,3.4,30,,,,,,,,,,,,,,,,,,,,,,,
Alabama,Commercial Pilots,1180,1230,50,4.2,130,,,,,,,,,,,,,,,,,,,,,,,
Alabama,Air Traffic Controllers,230,240,10,4.3,20,,,,,,,,,,,,,,,,,,,,,,,
Alabama,Airfield Operations Specialists,50,50,0,0.0,10,,,,,,,,,,,,,,,,,,,,,,,
Alabama,"Ambulance Drivers and Attendants, Except Emergency Medical Technicians",420,460,40,9.5,70,,,,,,,,,,,,,,,,,,,,,,,
Alabama,"Bus Drivers, Transit and Intercity",1500,1580,80,5.3,200,,,,,,,,,,,,,,,,,,,,,,,
Alabama,"Bus Drivers, School or Special Client",9400,9570,170,1.8,1220,,,,,,,,,,,,,,,,,,,,,,,
Alabama,Driver/Sales Workers,4690,4640,-50,-1.1,530,,,,,,,,,,,,,,,,,,,,,,,
Alabama,Heavy and Tractor-Trailer Truck Drivers,34670,36720,2050,5.9,4260,,,,,,,,,,,,,,,,,,,,,,,
Alabama,Light Truck or Delivery Services Drivers,15890,16700,810,5.1,1930,,,,,,,,,,,,,,,,,,,,,,,
Alabama,Taxi Drivers and Chauffeurs,3460,4220,760,22.0,490,,,,,,,,,,,,,,,,,,,,,,,
Alabama,"Motor Vehicle Operators, All Other",600,630,30,5.0,110,,,,,,,,,,,,,,,,,,,,,,,
Alabama,Locomotive Engineers,770,770,0,0.0,70,,,,,,,,,,,,,,,,,,,,,,,
Alabama,"Rail Yard Engineers, Dinkey Operators, and Hostlers",120,120,0,0.0,10,,,,,,,,,,,,,,,,,,,,,,,
Alabama,"Railroad Brake, Signal, and Switch Operators",110,120,10,9.1,10,,,,,,,,,,,,,,,,,,,,,,,
Alabama,Railroad Conductors and Yardmasters,920,920,0,0.0,90,,,,,,,,,,,,,,,,,,,,,,,
Alabama,Sailors and Marine Oilers,250,260,10,4.0,30,,,,,,,,,,,,,,,,,,,,,,,
Alabama,"Captains, Mates, and Pilots of Water Vessels",210,210,0,0.0,20,,,,,,,,,,,,,,,,,,,,,,,
Alabama,Motorboat Operators,20,20,0,0.0,0,,,,,,,,,,,,,,,,,,,,,,,
Alabama,Ship Engineers,20,20,0,0.0,0,,,,,,,,,,,,,,,,,,,,,,,
Alabama,Parking Lot Attendants,670,670,0,0.0,100,,,,,,,,,,,,,,,,,,,,,,,
Alabama,Automotive and Watercraft Service Attendants,1620,1720,100,6.2,260,,,,,,,,,,,,,,,,,,,,,,,
Alabama,Traffic Technicians,30,30,0,0.0,0,,,,,,,,,,,,,,,,,,,,,,,
Alabama,"Transportation Workers, All Other",240,270,30,12.5,30,,,,,,,,,,,,,,,,,,,,,,,
Alabama,Conveyor Operators and Tenders,190,200,10,5.3,30,,,,,,,,,,,,,,,,,,,,,,,
Alabama,Crane and Tower Operators,1070,1130,60,5.6,130,,,,,,,,,,,,,,,,,,,,,,,
Alabama,Excavating and Loading Machine and Dragline Operators,950,980,30,3.2,120,,,,,,,,,,,,,,,,,,,,,,,
Alabama,"Loading Machine Operators, Underground Mining",100,100,0,0.0,10,,,,,,,,,,,,,,,,,,,,,,,
Alabama,Hoist and Winch Operators,100,100,0,0.0,10,,,,,,,,,,,,,,,,,,,,,,,
Alabama,Industrial Truck and Tractor Operators,9510,10210,700,7.4,1180,,,,,,,,,,,,,,,,,,,,,,,
Alabama,Cleaners of Vehicles and Equipment,5730,6060,330,5.8,890,,,,,,,,,,,,,,,,,,,,,,,
Alabama,"Laborers and Freight, Stock, and Material Movers, Hand",41270,43660,2390,5.8,6140,,,,,,,,,,,,,,,,,,,,,,,
Alabama,Machine Feeders and Offbearers,1420,1470,50,3.5,200,,,,,,,,,,,,,,,,,,,,,,,
Alabama,"Packers and Packagers, Hand",7700,7510,-190,-2.5,1080,,,,,,,,,,,,,,,,,,,,,,,
Alabama,"Pump Operators, Except Wellhead Pumpers",60,60,0,0.0,10,,,,,,,,,,,,,,,,,,,,,,,
Alabama,Wellhead Pumpers,10,10,0,0.0,0,,,,,,,,,,,,,,,,,,,,,,,
Alabama,Refuse and Recyclable Material Collectors,2360,2500,140,5.9,350,,,,,,,,,,,,,,,,,,,,,,,
Alabama,"Tank Car, Truck, and Ship Loaders",830,840,10,1.2,110,,,,,,,,,,,,,,,,,,,,,,,
Alabama,"Material Moving Workers, All Other",130,130,0,0.0,20,,,,,,,,,,,,,,,,,,,,,,,
