Area Name,Occupation Name,Base,Projection,Change,Percent Change,Average Annual Openings,Unnamed: 7,Unnamed: 8
Hawaii,"Total, All Occupations",712540.0,738000.0,25460.0,3.6,88360.0,,
Hawaii,Chief Executives,1430.0,1330.0,-100.0,-7.0,90.0,,
Hawaii,General and Operations Managers,9800.0,10350.0,550.0,5.6,930.0,,
Hawaii,Advertising and Promotions Managers,120.0,120.0,0.0,0.0,10.0,,
Hawaii,Marketing Managers,630.0,680.0,50.0,7.9,60.0,,
Hawaii,Sales Managers,2130.0,2170.0,40.0,1.9,200.0,,
Hawaii,Public Relations and Fundraising Managers,450.0,490.0,40.0,8.9,40.0,,
Hawaii,Administrative Services Managers,1370.0,1480.0,110.0,8.0,130.0,,
Hawaii,Computer and Information Systems Managers,860.0,930.0,70.0,8.1,80.0,,
Hawaii,Financial Managers,2670.0,3080.0,410.0,15.4,260.0,,
Hawaii,Industrial Production Managers,180.0,190.0,10.0,5.6,20.0,,
Hawaii,Purchasing Managers,280.0,300.0,20.0,7.1,30.0,,
Hawaii,"Transportation, Storage, and Distribution Managers",590.0,620.0,30.0,5.1,50.0,,
Hawaii,Human Resources Managers,630.0,670.0,40.0,6.3,60.0,,
Hawaii,Training and Development Managers,160.0,180.0,20.0,12.5,20.0,,
Hawaii,Construction Managers,3160.0,3330.0,170.0,5.4,250.0,,
Hawaii,"Education Administrators, Preschool and Childcare Center/Program",130.0,130.0,0.0,0.0,10.0,,
Hawaii,"Education Administrators, Elementary and Secondary School",1160.0,1190.0,30.0,2.6,100.0,,
Hawaii,"Education Administrators, Postsecondary",450.0,470.0,20.0,4.4,40.0,,
Hawaii,"Education Administrators, All Other",200.0,220.0,20.0,10.0,20.0,,
Hawaii,Architectural and Engineering Managers,850.0,860.0,10.0,1.2,60.0,,
Hawaii,Food Service Managers,2180.0,2340.0,160.0,7.3,280.0,,
Hawaii,Lodging Managers,620.0,620.0,0.0,0.0,60.0,,
Hawaii,Medical and Health Services Managers,1780.0,2060.0,280.0,15.7,180.0,,
Hawaii,Natural Sciences Managers,270.0,280.0,10.0,3.7,30.0,,
Hawaii,"Property, Real Estate, and Community Association Managers",4550.0,4740.0,190.0,4.2,380.0,,
Hawaii,Social and Community Service Managers,700.0,790.0,90.0,12.9,70.0,,
Hawaii,Emergency Management Directors,80.0,80.0,0.0,0.0,10.0,,
Hawaii,"Managers, All Other",4740.0,4920.0,180.0,3.8,380.0,,
Hawaii,"Agents and Business Managers of Artists, Performers, and Athletes",30.0,30.0,0.0,0.0,0.0,,
Hawaii,Buyers and Purchasing Agents,1890.0,1750.0,-140.0,-7.4,180.0,,
Hawaii,"Claims Adjusters, Examiners, and Investigators",830.0,780.0,-50.0,-6.0,60.0,,
Hawaii,Compliance Officers,1730.0,1810.0,80.0,4.6,160.0,,
Hawaii,Cost Estimators,950.0,1010.0,60.0,6.3,100.0,,
Hawaii,Human Resources Specialists,2120.0,2180.0,60.0,2.8,220.0,,
Hawaii,Labor Relations Specialists,580.0,540.0,-40.0,-6.9,50.0,,
Hawaii,Logisticians,540.0,550.0,10.0,1.9,50.0,,
Hawaii,Management Analysts,2740.0,3120.0,380.0,13.9,310.0,,
Hawaii,"Meeting, Convention, and Event Planners",870.0,920.0,50.0,5.7,110.0,,
Hawaii,Fundraisers,210.0,230.0,20.0,9.5,20.0,,
Hawaii,"Compensation, Benefits, and Job Analysis Specialists",270.0,290.0,20.0,7.4,30.0,,
Hawaii,Training and Development Specialists,1210.0,1340.0,130.0,10.7,150.0,,
Hawaii,Market Research Analysts and Marketing Specialists,1650.0,1950.0,300.0,18.2,210.0,,
Hawaii,"Business Operations Specialists, All Other",5410.0,5580.0,170.0,3.1,540.0,,
Hawaii,Accountants and Auditors,5340.0,5590.0,250.0,4.7,530.0,,
Hawaii,Appraisers and Assessors of Real Estate,280.0,300.0,20.0,7.1,20.0,,
Hawaii,Budget Analysts,340.0,350.0,10.0,2.9,30.0,,
Hawaii,Financial Analysts,630.0,670.0,40.0,6.3,60.0,,
Hawaii,Personal Financial Advisors,970.0,1020.0,50.0,5.2,80.0,,
Hawaii,Insurance Underwriters,430.0,410.0,-20.0,-4.7,30.0,,
Hawaii,Financial Examiners,160.0,180.0,20.0,12.5,20.0,,
Hawaii,Credit Counselors,50.0,50.0,0.0,0.0,10.0,,
Hawaii,Loan Officers,1170.0,1250.0,80.0,6.8,110.0,,
Hawaii,"Tax Examiners and Collectors, and Revenue Agents",110.0,100.0,-10.0,-9.1,10.0,,
Hawaii,Tax Preparers,250.0,260.0,10.0,4.0,30.0,,
Hawaii,"Financial Specialists, All Other",890.0,940.0,50.0,5.6,80.0,,
Hawaii,Computer and Information Research Scientists,170.0,190.0,20.0,11.8,20.0,,
Hawaii,Computer Systems Analysts,1610.0,1690.0,80.0,5.0,130.0,,
Hawaii,Information Security Analysts,230.0,310.0,80.0,34.8,30.0,,
Hawaii,Computer Programmers,570.0,520.0,-50.0,-8.8,30.0,,
Hawaii,"Software Developers, Applications",750.0,900.0,150.0,20.0,80.0,,
Hawaii,"Software Developers, Systems Software",1070.0,1190.0,120.0,11.2,90.0,,
Hawaii,Web Developers,350.0,380.0,30.0,8.6,30.0,,
Hawaii,Database Administrators,400.0,430.0,30.0,7.5,30.0,,
Hawaii,Network and Computer Systems Administrators,1210.0,1260.0,50.0,4.1,90.0,,
Hawaii,Computer Network Architects,410.0,410.0,0.0,0.0,30.0,,
Hawaii,Computer User Support Specialists,1200.0,1310.0,110.0,9.2,110.0,,
Hawaii,Computer Network Support Specialists,710.0,750.0,40.0,5.6,70.0,,
Hawaii,"Computer Occupations, All Other",1840.0,1890.0,50.0,2.7,140.0,,
Hawaii,Operations Research Analysts,150.0,180.0,30.0,20.0,10.0,,
Hawaii,Statisticians,130.0,170.0,40.0,30.8,20.0,,
Hawaii,"Architects, Except Landscape and Naval",990.0,1030.0,40.0,4.0,80.0,,
Hawaii,Surveyors,210.0,220.0,10.0,4.8,20.0,,
Hawaii,Aerospace Engineers,40.0,40.0,0.0,0.0,0.0,,
Hawaii,Civil Engineers,2250.0,2300.0,50.0,2.2,180.0,,
Hawaii,Computer Hardware Engineers,40.0,40.0,0.0,0.0,0.0,,
Hawaii,Electrical Engineers,930.0,970.0,40.0,4.3,70.0,,
Hawaii,"Electronics Engineers, Except Computer",600.0,600.0,0.0,0.0,40.0,,
Hawaii,Environmental Engineers,220.0,220.0,0.0,0.0,20.0,,
Hawaii,"Health and Safety Engineers, Except Mining Safety Engineers and Inspectors",100.0,110.0,10.0,10.0,10.0,,
Hawaii,Industrial Engineers,40.0,40.0,0.0,0.0,0.0,,
Hawaii,Marine Engineers and Naval Architects,120.0,120.0,0.0,0.0,10.0,,
Hawaii,Materials Engineers,30.0,30.0,0.0,0.0,0.0,,
Hawaii,Mechanical Engineers,830.0,840.0,10.0,1.2,60.0,,
Hawaii,Petroleum Engineers,70.0,70.0,0.0,0.0,10.0,,
Hawaii,"Engineers, All Other",780.0,800.0,20.0,2.6,60.0,,
Hawaii,Architectural and Civil Drafters,560.0,540.0,-20.0,-3.6,50.0,,
Hawaii,Electrical and Electronics Drafters,200.0,200.0,0.0,0.0,20.0,,
Hawaii,Mechanical Drafters,60.0,50.0,-10.0,-16.7,10.0,,
Hawaii,"Drafters, All Other",30.0,30.0,0.0,0.0,0.0,,
Hawaii,Civil Engineering Technicians,160.0,160.0,0.0,0.0,20.0,,
Hawaii,Electrical and Electronics Engineering Technicians,700.0,710.0,10.0,1.4,70.0,,
Hawaii,Electro-Mechanical Technicians,90.0,90.0,0.0,0.0,10.0,,
Hawaii,Environmental Engineering Technicians,50.0,50.0,0.0,0.0,10.0,,
Hawaii,Mechanical Engineering Technicians,30.0,30.0,0.0,0.0,0.0,,
Hawaii,"Engineering Technicians, Except Drafters, All Other",500.0,510.0,10.0,2.0,50.0,,
Hawaii,Surveying and Mapping Technicians,160.0,160.0,0.0,0.0,20.0,,
Hawaii,Soil and Plant Scientists,110.0,110.0,0.0,0.0,10.0,,
Hawaii,Biochemists and Biophysicists,20.0,20.0,0.0,0.0,0.0,,
Hawaii,Microbiologists,120.0,120.0,0.0,0.0,10.0,,
Hawaii,Zoologists and Wildlife Biologists,230.0,230.0,0.0,0.0,20.0,,
Hawaii,"Biological Scientists, All Other",370.0,370.0,0.0,0.0,30.0,,
Hawaii,Conservation Scientists,200.0,220.0,20.0,10.0,20.0,,
Hawaii,"Medical Scientists, Except Epidemiologists",250.0,270.0,20.0,8.0,30.0,,
Hawaii,"Life Scientists, All Other",80.0,80.0,0.0,0.0,10.0,,
Hawaii,Astronomers,90.0,90.0,0.0,0.0,10.0,,
Hawaii,Physicists,50.0,50.0,0.0,0.0,0.0,,
Hawaii,Atmospheric and Space Scientists,80.0,80.0,0.0,0.0,10.0,,
Hawaii,Chemists,170.0,170.0,0.0,0.0,20.0,,
Hawaii,"Environmental Scientists and Specialists, Including Health",710.0,760.0,50.0,7.0,80.0,,
Hawaii,"Geoscientists, Except Hydrologists and Geographers",140.0,140.0,0.0,0.0,10.0,,
Hawaii,Economists,180.0,190.0,10.0,5.6,20.0,,
Hawaii,Survey Researchers,140.0,130.0,-10.0,-7.1,10.0,,
Hawaii,"Clinical, Counseling, and School Psychologists",670.0,770.0,100.0,14.9,60.0,,
Hawaii,"Psychologists, All Other",190.0,190.0,0.0,0.0,10.0,,
Hawaii,Urban and Regional Planners,490.0,530.0,40.0,8.2,50.0,,
Hawaii,Anthropologists and Archeologists,150.0,150.0,0.0,0.0,20.0,,
Hawaii,"Social Scientists and Related Workers, All Other",370.0,370.0,0.0,0.0,40.0,,
Hawaii,Agricultural and Food Science Technicians,70.0,70.0,0.0,0.0,10.0,,
Hawaii,Biological Technicians,680.0,690.0,10.0,1.5,70.0,,
Hawaii,Social Science Research Assistants,150.0,160.0,10.0,6.7,20.0,,
Hawaii,"Environmental Science and Protection Technicians, Including Health",230.0,240.0,10.0,4.3,30.0,,
Hawaii,Forensic Science Technicians,60.0,70.0,10.0,16.7,10.0,,
Hawaii,"Life, Physical, and Social Science Technicians, All Other",820.0,860.0,40.0,4.9,100.0,,
Hawaii,"Educational, Guidance, School, and Vocational Counselors",1730.0,1840.0,110.0,6.4,200.0,,
Hawaii,Rehabilitation Counselors,210.0,210.0,0.0,0.0,20.0,,
Hawaii,"Substance Abuse, Behavioral Disorder, and Mental Health Counselors",690.0,830.0,140.0,20.3,90.0,,
Hawaii,"Counselors, All Other",110.0,120.0,10.0,9.1,10.0,,
Hawaii,"Child, Family, and School Social Workers",1930.0,2020.0,90.0,4.7,200.0,,
Hawaii,Healthcare Social Workers,870.0,1030.0,160.0,18.4,110.0,,
Hawaii,Mental Health and Substance Abuse Social Workers,370.0,450.0,80.0,21.6,50.0,,
Hawaii,"Social Workers, All Other",280.0,280.0,0.0,0.0,30.0,,
Hawaii,Health Educators,370.0,410.0,40.0,10.8,50.0,,
Hawaii,Social and Human Service Assistants,2350.0,2580.0,230.0,9.8,320.0,,
Hawaii,Community Health Workers,550.0,610.0,60.0,10.9,70.0,,
Hawaii,"Community and Social Service Specialists, All Other",920.0,970.0,50.0,5.4,110.0,,
Hawaii,Clergy,490.0,530.0,40.0,8.2,60.0,,
Hawaii,Lawyers,2670.0,2730.0,60.0,2.2,140.0,,
Hawaii,Paralegals and Legal Assistants,1140.0,1210.0,70.0,6.1,130.0,,
Hawaii,Court Reporters,30.0,30.0,0.0,0.0,0.0,,
Hawaii,"Title Examiners, Abstractors, and Searchers",310.0,310.0,0.0,0.0,30.0,,
Hawaii,"Legal Support Workers, All Other",270.0,270.0,0.0,0.0,30.0,,
Hawaii,"Business Teachers, Postsecondary",260.0,300.0,40.0,15.4,30.0,,
Hawaii,"Computer Science Teachers, Postsecondary",110.0,110.0,0.0,0.0,10.0,,
Hawaii,"Mathematical Science Teachers, Postsecondary",200.0,200.0,0.0,0.0,20.0,,
Hawaii,"Area, Ethnic, and Cultural Studies Teachers, Postsecondary",220.0,230.0,10.0,4.5,20.0,,
Hawaii,"Economics Teachers, Postsecondary",60.0,70.0,10.0,16.7,10.0,,
Hawaii,"Political Science Teachers, Postsecondary",60.0,60.0,0.0,0.0,10.0,,
Hawaii,"Psychology Teachers, Postsecondary",150.0,160.0,10.0,6.7,20.0,,
Hawaii,"Health Specialties Teachers, Postsecondary",530.0,640.0,110.0,20.8,60.0,,
Hawaii,"Nursing Instructors and Teachers, Postsecondary",260.0,320.0,60.0,23.1,30.0,,
Hawaii,"Education Teachers, Postsecondary",480.0,520.0,40.0,8.3,40.0,,
Hawaii,"Social Work Teachers, Postsecondary",70.0,70.0,0.0,0.0,10.0,,
Hawaii,"Art, Drama, and Music Teachers, Postsecondary",310.0,330.0,20.0,6.5,30.0,,
Hawaii,"Communications Teachers, Postsecondary",120.0,130.0,10.0,8.3,10.0,,
Hawaii,"English Language and Literature Teachers, Postsecondary",470.0,480.0,10.0,2.1,40.0,,
Hawaii,"History Teachers, Postsecondary",130.0,130.0,0.0,0.0,10.0,,
Hawaii,"Vocational Education Teachers, Postsecondary",860.0,820.0,-40.0,-4.7,70.0,,
Hawaii,"Postsecondary Teachers, All Other",500.0,520.0,20.0,4.0,50.0,,
Hawaii,"Preschool Teachers, Except Special Education",1470.0,1530.0,60.0,4.1,160.0,,
Hawaii,"Elementary School Teachers, Except Special Education",6380.0,6520.0,140.0,2.2,490.0,,
Hawaii,"Middle School Teachers, Except Special and Career/Technical Education",2060.0,2110.0,50.0,2.4,160.0,,
Hawaii,"Secondary School Teachers, Except Special and Career/Technical Education",4550.0,4660.0,110.0,2.4,330.0,,
Hawaii,"Special Education Teachers, Kindergarten and Elementary School",1870.0,1900.0,30.0,1.6,140.0,,
Hawaii,"Special Education Teachers, Secondary School",190.0,200.0,10.0,5.3,10.0,,
Hawaii,"Special Education Teachers, All Other",60.0,60.0,0.0,0.0,0.0,,
Hawaii,Adult Basic and Secondary Education and Literacy Teachers and Instructors,450.0,400.0,-50.0,-11.1,40.0,,
Hawaii,Self-Enrichment Education Teachers,2290.0,2500.0,210.0,9.2,300.0,,
Hawaii,"Teachers and Instructors, All Other, Except Substitute Teachers",8200.0,8790.0,590.0,7.2,1030.0,,
Hawaii,Substitute Teachers,3010.0,3080.0,70.0,2.3,350.0,,
Hawaii,Archivists,30.0,30.0,0.0,0.0,0.0,,
Hawaii,Curators,40.0,50.0,10.0,25.0,10.0,,
Hawaii,Museum Technicians and Conservators,90.0,90.0,0.0,0.0,10.0,,
Hawaii,Librarians,570.0,590.0,20.0,3.5,60.0,,
Hawaii,Library Technicians,200.0,200.0,0.0,0.0,30.0,,
Hawaii,Instructional Coordinators,970.0,1020.0,50.0,5.2,100.0,,
Hawaii,Teacher Assistants,6190.0,6370.0,180.0,2.9,680.0,,
Hawaii,"Education, Training, and Library Workers, All Other",530.0,550.0,20.0,3.8,50.0,,
Hawaii,Art Directors,240.0,240.0,0.0,0.0,30.0,,
Hawaii,"Fine Artists, Including Painters, Sculptors, and Illustrators",160.0,150.0,-10.0,-6.3,20.0,,
Hawaii,Multimedia Artists and Animators,150.0,150.0,0.0,0.0,20.0,,
Hawaii,Commercial and Industrial Designers,120.0,120.0,0.0,0.0,10.0,,
Hawaii,Fashion Designers,70.0,70.0,0.0,0.0,10.0,,
Hawaii,Floral Designers,170.0,140.0,-30.0,-17.6,10.0,,
Hawaii,Graphic Designers,590.0,590.0,0.0,0.0,60.0,,
Hawaii,Interior Designers,130.0,130.0,0.0,0.0,10.0,,
Hawaii,Merchandise Displayers and Window Trimmers,1340.0,1400.0,60.0,4.5,140.0,,
Hawaii,Set and Exhibit Designers,130.0,130.0,0.0,0.0,10.0,,
Hawaii,"Designers, All Other",20.0,20.0,0.0,0.0,0.0,,
Hawaii,Dancers,620.0,590.0,-30.0,-4.8,100.0,,
Hawaii,Music Directors and Composers,220.0,220.0,0.0,0.0,30.0,,
Hawaii,Musicians and Singers,990.0,950.0,-40.0,-4.0,110.0,,
Hawaii,"Entertainers and Performers, Sports and Related Workers, All Other",120.0,120.0,0.0,0.0,10.0,,
Hawaii,Radio and Television Announcers,210.0,180.0,-30.0,-14.3,20.0,,
Hawaii,Reporters and Correspondents,140.0,120.0,-20.0,-14.3,10.0,,
Hawaii,Public Relations Specialists,1340.0,1420.0,80.0,6.0,150.0,,
Hawaii,Editors,450.0,430.0,-20.0,-4.4,50.0,,
Hawaii,Technical Writers,40.0,50.0,10.0,25.0,0.0,,
Hawaii,Writers and Authors,190.0,180.0,-10.0,-5.3,20.0,,
Hawaii,Interpreters and Translators,110.0,130.0,20.0,18.2,10.0,,
Hawaii,"Media and Communication Workers, All Other",80.0,80.0,0.0,0.0,10.0,,
Hawaii,Audio and Video Equipment Technicians,480.0,530.0,50.0,10.4,60.0,,
Hawaii,Broadcast Technicians,110.0,100.0,-10.0,-9.1,10.0,,
Hawaii,Photographers,1270.0,1130.0,-140.0,-11.0,110.0,,
Hawaii,"Camera Operators, Television, Video, and Motion Picture",190.0,190.0,0.0,0.0,20.0,,
Hawaii,Film and Video Editors,110.0,120.0,10.0,9.1,10.0,,
Hawaii,"Media and Communication Equipment Workers, All Other",280.0,280.0,0.0,0.0,30.0,,
Hawaii,Chiropractors,150.0,160.0,10.0,6.7,0.0,,
Hawaii,"Dentists, General",780.0,810.0,30.0,3.8,30.0,,
Hawaii,Dietitians and Nutritionists,320.0,360.0,40.0,12.5,30.0,,
Hawaii,Optometrists,200.0,200.0,0.0,0.0,10.0,,
Hawaii,Pharmacists,1730.0,1690.0,-40.0,-2.3,70.0,,
Hawaii,Family and General Practitioners,470.0,500.0,30.0,6.4,20.0,,
Hawaii,"Internists, General",300.0,300.0,0.0,0.0,10.0,,
Hawaii,Obstetricians and Gynecologists,240.0,240.0,0.0,0.0,10.0,,
Hawaii,"Pediatricians, General",210.0,210.0,0.0,0.0,10.0,,
Hawaii,Psychiatrists,110.0,120.0,10.0,9.1,10.0,,
Hawaii,Surgeons,70.0,70.0,0.0,0.0,0.0,,
Hawaii,"Physicians and Surgeons, All Other",1580.0,1660.0,80.0,5.1,60.0,,
Hawaii,Physician Assistants,330.0,420.0,90.0,27.3,30.0,,
Hawaii,Occupational Therapists,350.0,400.0,50.0,14.3,30.0,,
Hawaii,Physical Therapists,1080.0,1270.0,190.0,17.6,70.0,,
Hawaii,Recreational Therapists,60.0,70.0,10.0,16.7,0.0,,
Hawaii,Respiratory Therapists,350.0,420.0,70.0,20.0,30.0,,
Hawaii,Speech-Language Pathologists,610.0,730.0,120.0,19.7,50.0,,
Hawaii,Exercise Physiologists,50.0,60.0,10.0,20.0,0.0,,
Hawaii,"Therapists, All Other",50.0,50.0,0.0,0.0,0.0,,
Hawaii,Veterinarians,270.0,310.0,40.0,14.8,20.0,,
Hawaii,Registered Nurses,11620.0,13040.0,1420.0,12.2,800.0,,
Hawaii,Nurse Anesthetists,80.0,90.0,10.0,12.5,10.0,,
Hawaii,Nurse Practitioners,420.0,520.0,100.0,23.8,40.0,,
Hawaii,"Health Diagnosing and Treating Practitioners, All Other",220.0,250.0,30.0,13.6,10.0,,
Hawaii,Clinical Laboratory Technologists and Technicians,1410.0,1590.0,180.0,12.8,110.0,,
Hawaii,Dental Hygienists,920.0,980.0,60.0,6.5,70.0,,
Hawaii,Cardiovascular Technologists and Technicians,180.0,190.0,10.0,5.6,10.0,,
Hawaii,Diagnostic Medical Sonographers,170.0,190.0,20.0,11.8,10.0,,
Hawaii,Nuclear Medicine Technologists,40.0,50.0,10.0,25.0,0.0,,
Hawaii,Radiologic Technologists,650.0,690.0,40.0,6.2,40.0,,
Hawaii,Magnetic Resonance Imaging Technologists,140.0,160.0,20.0,14.3,10.0,,
Hawaii,Emergency Medical Technicians and Paramedics,750.0,790.0,40.0,5.3,60.0,,
Hawaii,Dietetic Technicians,200.0,210.0,10.0,5.0,20.0,,
Hawaii,Pharmacy Technicians,1800.0,1940.0,140.0,7.8,170.0,,
Hawaii,Psychiatric Technicians,350.0,430.0,80.0,22.9,40.0,,
Hawaii,Surgical Technologists,340.0,380.0,40.0,11.8,30.0,,
Hawaii,Veterinary Technologists and Technicians,400.0,460.0,60.0,15.0,40.0,,
Hawaii,Ophthalmic Medical Technicians,330.0,370.0,40.0,12.1,30.0,,
Hawaii,Licensed Practical and Licensed Vocational Nurses,1240.0,1400.0,160.0,12.9,120.0,,
Hawaii,Medical Records and Health Information Technicians,680.0,730.0,50.0,7.4,50.0,,
Hawaii,"Opticians, Dispensing",170.0,190.0,20.0,11.8,20.0,,
Hawaii,Hearing Aid Specialists,150.0,170.0,20.0,13.3,10.0,,
Hawaii,"Health Technologists and Technicians, All Other",440.0,490.0,50.0,11.4,40.0,,
Hawaii,Occupational Health and Safety Specialists,550.0,580.0,30.0,5.5,40.0,,
Hawaii,Athletic Trainers,160.0,200.0,40.0,25.0,10.0,,
Hawaii,"Healthcare Practitioners and Technical Workers, All Other",100.0,110.0,10.0,10.0,10.0,,
Hawaii,Home Health Aides,5130.0,6870.0,1740.0,33.9,850.0,,
Hawaii,Psychiatric Aides,410.0,460.0,50.0,12.2,50.0,,
Hawaii,Nursing Assistants,4930.0,5480.0,550.0,11.2,640.0,,
Hawaii,Orderlies,190.0,200.0,10.0,5.3,20.0,,
Hawaii,Physical Therapist Assistants,200.0,250.0,50.0,25.0,30.0,,
Hawaii,Physical Therapist Aides,160.0,190.0,30.0,18.8,30.0,,
Hawaii,Massage Therapists,1990.0,2300.0,310.0,15.6,280.0,,
Hawaii,Dental Assistants,1610.0,1730.0,120.0,7.5,200.0,,
Hawaii,Medical Assistants,3650.0,4340.0,690.0,18.9,510.0,,
Hawaii,Medical Equipment Preparers,270.0,280.0,10.0,3.7,30.0,,
Hawaii,Medical Transcriptionists,210.0,230.0,20.0,9.5,30.0,,
Hawaii,"Healthcare Support Workers, All Other",770.0,800.0,30.0,3.9,90.0,,
Hawaii,First-Line Supervisors of Police and Detectives,630.0,660.0,30.0,4.8,40.0,,
Hawaii,"First-Line Supervisors of Protective Service Workers, All Other",790.0,800.0,10.0,1.3,80.0,,
Hawaii,Correctional Officers and Jailers,1740.0,1620.0,-120.0,-6.9,140.0,,
Hawaii,Detectives and Criminal Investigators,490.0,500.0,10.0,2.0,30.0,,
Hawaii,Parking Enforcement Workers,40.0,30.0,-10.0,-25.0,0.0,,
Hawaii,Police and Sheriff's Patrol Officers,2720.0,2840.0,120.0,4.4,210.0,,
Hawaii,Security Guards,9590.0,9780.0,190.0,2.0,1270.0,,
Hawaii,"Lifeguards, Ski Patrol, and Other Recreational Protective Service Workers",900.0,940.0,40.0,4.4,230.0,,
Hawaii,Transportation Security Screeners,1290.0,1300.0,10.0,0.8,120.0,,
Hawaii,"Protective Service Workers, All Other",370.0,370.0,0.0,0.0,90.0,,
Hawaii,Chefs and Head Cooks,1130.0,1210.0,80.0,7.1,160.0,,
Hawaii,First-Line Supervisors of Food Preparation and Serving Workers,5960.0,6430.0,470.0,7.9,990.0,,
Hawaii,"Cooks, Institution and Cafeteria",1390.0,1470.0,80.0,5.8,210.0,,
Hawaii,"Cooks, Private Household",50.0,50.0,0.0,0.0,10.0,,
Hawaii,"Cooks, Restaurant",10700.0,12580.0,1880.0,17.6,1840.0,,
Hawaii,"Cooks, Short Order",1120.0,1120.0,0.0,0.0,160.0,,
Hawaii,"Cooks, All Other",480.0,500.0,20.0,4.2,70.0,,
Hawaii,Food Preparation Workers,7860.0,8330.0,470.0,6.0,1450.0,,
Hawaii,Bartenders,3470.0,3650.0,180.0,5.2,640.0,,
Hawaii,"Combined Food Preparation and Serving Workers, Including Fast Food",14330.0,16390.0,2060.0,14.4,2940.0,,
Hawaii,"Counter Attendants, Cafeteria, Food Concession, and Coffee Shop",4510.0,4640.0,130.0,2.9,1010.0,,
Hawaii,Waiters and Waitresses,19270.0,19900.0,630.0,3.3,3820.0,,
Hawaii,"Food Servers, Nonrestaurant",1340.0,1340.0,0.0,0.0,210.0,,
Hawaii,Dining Room and Cafeteria Attendants and Bartender Helpers,5230.0,5550.0,320.0,6.1,950.0,,
Hawaii,Dishwashers,4510.0,4570.0,60.0,1.3,730.0,,
Hawaii,"Hosts and Hostesses, Restaurant, Lounge, and Coffee Shop",3430.0,3670.0,240.0,7.0,840.0,,
Hawaii,"Food Preparation and Serving Related Workers, All Other",260.0,270.0,10.0,3.8,50.0,,
Hawaii,First-Line Supervisors of Housekeeping and Janitorial Workers,2420.0,2550.0,130.0,5.4,290.0,,
Hawaii,"First-Line Supervisors of Landscaping, Lawn Service, and Groundskeeping Workers",1240.0,1300.0,60.0,4.8,150.0,,
Hawaii,"Janitors and Cleaners, Except Maids and Housekeeping Cleaners",13750.0,14400.0,650.0,4.7,1920.0,,
Hawaii,Maids and Housekeeping Cleaners,14990.0,14640.0,-350.0,-2.3,1960.0,,
Hawaii,Landscaping and Groundskeeping Workers,10680.0,11310.0,630.0,5.9,1490.0,,
Hawaii,Tree Trimmers and Pruners,330.0,350.0,20.0,6.1,50.0,,
Hawaii,First-Line Supervisors of Personal Service Workers,1740.0,1870.0,130.0,7.5,190.0,,
Hawaii,"Ushers, Lobby Attendants, and Ticket Takers",960.0,970.0,10.0,1.0,240.0,,
Hawaii,Amusement and Recreation Attendants,1620.0,1660.0,40.0,2.5,380.0,,
Hawaii,Costume Attendants,50.0,50.0,0.0,0.0,10.0,,
Hawaii,"Locker Room, Coatroom, and Dressing Room Attendants",310.0,320.0,10.0,3.2,80.0,,
Hawaii,Embalmers,90.0,90.0,0.0,0.0,10.0,,
Hawaii,"Hairdressers, Hairstylists, and Cosmetologists",2140.0,2290.0,150.0,7.0,290.0,,
Hawaii,Manicurists and Pedicurists,400.0,430.0,30.0,7.5,50.0,,
Hawaii,Skincare Specialists,330.0,350.0,20.0,6.1,40.0,,
Hawaii,Baggage Porters and Bellhops,1480.0,1580.0,100.0,6.8,230.0,,
Hawaii,Concierges,1160.0,1150.0,-10.0,-0.9,160.0,,
Hawaii,Tour and Travel Guides,2360.0,2330.0,-30.0,-1.3,410.0,,
Hawaii,Childcare Workers,2630.0,2680.0,50.0,1.9,400.0,,
Hawaii,Personal Care Aides,4960.0,6750.0,1790.0,36.1,990.0,,
Hawaii,Recreation Workers,3040.0,3270.0,230.0,7.6,550.0,,
Hawaii,"Personal Care and Service Workers, All Other",1720.0,1790.0,70.0,4.1,260.0,,
Hawaii,First-Line Supervisors of Retail Sales Workers,9770.0,9390.0,-380.0,-3.9,1020.0,,
Hawaii,First-Line Supervisors of Non-Retail Sales Workers,1800.0,1760.0,-40.0,-2.2,170.0,,
Hawaii,Cashiers,14720.0,14120.0,-600.0,-4.1,2660.0,,
Hawaii,Counter and Rental Clerks,1950.0,2000.0,50.0,2.6,260.0,,
Hawaii,Parts Salespersons,640.0,580.0,-60.0,-9.4,70.0,,
Hawaii,Retail Salespersons,25040.0,23950.0,-1090.0,-4.4,3470.0,,
Hawaii,Advertising Sales Agents,420.0,370.0,-50.0,-11.9,50.0,,
Hawaii,Insurance Sales Agents,1020.0,1110.0,90.0,8.8,110.0,,
Hawaii,"Securities, Commodities, and Financial Services Sales Agents",790.0,820.0,30.0,3.8,80.0,,
Hawaii,Travel Agents,650.0,600.0,-50.0,-7.7,80.0,,
Hawaii,"Sales Representatives, Services, All Other",3680.0,3770.0,90.0,2.4,480.0,,
Hawaii,"Sales Representatives, Wholesale and Manufacturing, Technical and Scientific Products",1070.0,1050.0,-20.0,-1.9,110.0,,
Hawaii,"Sales Representatives, Wholesale and Manufacturing, Except Technical and Scientific Products",3740.0,3780.0,40.0,1.1,400.0,,
Hawaii,Demonstrators and Product Promoters,740.0,770.0,30.0,4.1,130.0,,
Hawaii,Real Estate Brokers,580.0,600.0,20.0,3.4,60.0,,
Hawaii,Real Estate Sales Agents,830.0,850.0,20.0,2.4,80.0,,
Hawaii,Telemarketers,240.0,190.0,-50.0,-20.8,30.0,,
Hawaii,"Door-to-Door Sales Workers, News and Street Vendors, and Related Workers",320.0,290.0,-30.0,-9.4,30.0,,
Hawaii,"Sales and Related Workers, All Other",380.0,380.0,0.0,0.0,50.0,,
Hawaii,First-Line Supervisors of Office and Administrative Support Workers,7720.0,7650.0,-70.0,-0.9,800.0,,
Hawaii,"Switchboard Operators, Including Answering Service",470.0,350.0,-120.0,-25.5,40.0,,
Hawaii,Bill and Account Collectors,570.0,530.0,-40.0,-7.0,60.0,,
Hawaii,Billing and Posting Clerks,1170.0,1280.0,110.0,9.4,140.0,,
Hawaii,"Bookkeeping, Accounting, and Auditing Clerks",6720.0,6380.0,-340.0,-5.1,730.0,,
Hawaii,Payroll and Timekeeping Clerks,610.0,590.0,-20.0,-3.3,60.0,,
Hawaii,Procurement Clerks,420.0,390.0,-30.0,-7.1,40.0,,
Hawaii,Tellers,2070.0,1820.0,-250.0,-12.1,210.0,,
Hawaii,Brokerage Clerks,120.0,120.0,0.0,0.0,10.0,,
Hawaii,Correspondence Clerks,40.0,40.0,0.0,0.0,10.0,,
Hawaii,"Court, Municipal, and License Clerks",880.0,910.0,30.0,3.4,90.0,,
Hawaii,Customer Service Representatives,8150.0,7840.0,-310.0,-3.8,1040.0,,
Hawaii,"Eligibility Interviewers, Government Programs",790.0,820.0,30.0,3.8,80.0,,
Hawaii,File Clerks,680.0,580.0,-100.0,-14.7,70.0,,
Hawaii,"Hotel, Motel, and Resort Desk Clerks",2930.0,2760.0,-170.0,-5.8,470.0,,
Hawaii,"Interviewers, Except Eligibility and Loan",480.0,490.0,10.0,2.1,60.0,,
Hawaii,"Library Assistants, Clerical",350.0,350.0,0.0,0.0,50.0,,
Hawaii,Loan Interviewers and Clerks,790.0,850.0,60.0,7.6,90.0,,
Hawaii,Order Clerks,320.0,300.0,-20.0,-6.3,30.0,,
Hawaii,"Human Resources Assistants, Except Payroll and Timekeeping",870.0,820.0,-50.0,-5.7,90.0,,
Hawaii,Receptionists and Information Clerks,4140.0,4240.0,100.0,2.4,570.0,,
Hawaii,Reservation and Transportation Ticket Agents and Travel Clerks,2960.0,3130.0,170.0,5.7,360.0,,
Hawaii,"Information and Record Clerks, All Other",1210.0,1240.0,30.0,2.5,140.0,,
Hawaii,Cargo and Freight Agents,1150.0,1230.0,80.0,7.0,120.0,,
Hawaii,Couriers and Messengers,410.0,440.0,30.0,7.3,40.0,,
Hawaii,"Police, Fire, and Ambulance Dispatchers",210.0,220.0,10.0,4.8,20.0,,
Hawaii,"Dispatchers, Except Police, Fire, and Ambulance",940.0,930.0,-10.0,-1.1,90.0,,
Hawaii,"Meter Readers, Utilities",130.0,120.0,-10.0,-7.7,10.0,,
Hawaii,Postal Service Clerks,420.0,390.0,-30.0,-7.1,30.0,,
Hawaii,Postal Service Mail Carriers,1100.0,1000.0,-100.0,-9.1,70.0,,
Hawaii,"Postal Service Mail Sorters, Processors, and Processing Machine Operators",390.0,340.0,-50.0,-12.8,30.0,,
Hawaii,"Production, Planning, and Expediting Clerks",880.0,910.0,30.0,3.4,100.0,,
Hawaii,"Shipping, Receiving, and Traffic Clerks",1950.0,1900.0,-50.0,-2.6,190.0,,
Hawaii,Stock Clerks and Order Fillers,8720.0,9080.0,360.0,4.1,1220.0,,
Hawaii,"Weighers, Measurers, Checkers, and Samplers, Recordkeeping",510.0,500.0,-10.0,-2.0,60.0,,
Hawaii,Executive Secretaries and Executive Administrative Assistants,2990.0,2400.0,-590.0,-19.7,240.0,,
Hawaii,Legal Secretaries,880.0,670.0,-210.0,-23.9,70.0,,
Hawaii,Medical Secretaries,1410.0,1600.0,190.0,13.5,190.0,,
Hawaii,"Secretaries and Administrative Assistants, Except Legal, Medical, and Executive",10730.0,9640.0,-1090.0,-10.2,1030.0,,
Hawaii,Computer Operators,260.0,200.0,-60.0,-23.1,20.0,,
Hawaii,Data Entry Keyers,390.0,300.0,-90.0,-23.1,30.0,,
Hawaii,Word Processors and Typists,600.0,400.0,-200.0,-33.3,40.0,,
Hawaii,Insurance Claims and Policy Processing Clerks,530.0,540.0,10.0,1.9,60.0,,
Hawaii,"Mail Clerks and Mail Machine Operators, Except Postal Service",130.0,120.0,-10.0,-7.7,10.0,,
Hawaii,"Office Clerks, General",10920.0,10380.0,-540.0,-4.9,1220.0,,
Hawaii,"Office Machine Operators, Except Computer",100.0,80.0,-20.0,-20.0,10.0,,
Hawaii,Statistical Assistants,40.0,40.0,0.0,0.0,10.0,,
Hawaii,"Office and Administrative Support Workers, All Other",2190.0,2270.0,80.0,3.7,270.0,,
Hawaii,"First-Line Supervisors of Farming, Fishing, and Forestry Workers",250.0,240.0,-10.0,-4.0,30.0,,
Hawaii,"Graders and Sorters, Agricultural Products",80.0,70.0,-10.0,-12.5,10.0,,
Hawaii,"Farmworkers and Laborers, Crop, Nursery, and Greenhouse",3240.0,2820.0,-420.0,-13.0,450.0,,
Hawaii,"Farmworkers, Farm, Ranch, and Aquacultural Animals",640.0,700.0,60.0,9.4,110.0,,
Hawaii,"Agricultural Workers, All Other",140.0,140.0,0.0,0.0,20.0,,
Hawaii,Forest and Conservation Workers,170.0,160.0,-10.0,-5.9,30.0,,
Hawaii,First-Line Supervisors of Construction Trades and Extraction Workers,3220.0,3440.0,220.0,6.8,370.0,,
Hawaii,Brickmasons and Blockmasons,220.0,230.0,10.0,4.5,20.0,,
Hawaii,Stonemasons,120.0,130.0,10.0,8.3,10.0,,
Hawaii,Carpenters,7760.0,7930.0,170.0,2.2,830.0,,
Hawaii,Carpet Installers,170.0,160.0,-10.0,-5.9,20.0,,
Hawaii,"Floor Layers, Except Carpet, Wood, and Hard Tiles",280.0,330.0,50.0,17.9,40.0,,
Hawaii,Tile and Marble Setters,470.0,540.0,70.0,14.9,60.0,,
Hawaii,Cement Masons and Concrete Finishers,890.0,950.0,60.0,6.7,100.0,,
Hawaii,Construction Laborers,7110.0,7480.0,370.0,5.2,850.0,,
Hawaii,Operating Engineers and Other Construction Equipment Operators,2060.0,2160.0,100.0,4.9,250.0,,
Hawaii,Drywall and Ceiling Tile Installers,820.0,830.0,10.0,1.2,80.0,,
Hawaii,Tapers,380.0,380.0,0.0,0.0,40.0,,
Hawaii,Electricians,3920.0,4270.0,350.0,8.9,510.0,,
Hawaii,Glaziers,430.0,480.0,50.0,11.6,60.0,,
Hawaii,"Insulation Workers, Mechanical",100.0,110.0,10.0,10.0,10.0,,
Hawaii,"Painters, Construction and Maintenance",3070.0,3170.0,100.0,3.3,330.0,,
Hawaii,Pipelayers,80.0,80.0,0.0,0.0,10.0,,
Hawaii,"Plumbers, Pipefitters, and Steamfitters",2240.0,2460.0,220.0,9.8,280.0,,
Hawaii,Plasterers and Stucco Masons,200.0,210.0,10.0,5.0,20.0,,
Hawaii,Reinforcing Iron and Rebar Workers,420.0,460.0,40.0,9.5,60.0,,
Hawaii,Roofers,1080.0,1170.0,90.0,8.3,130.0,,
Hawaii,Sheet Metal Workers,840.0,910.0,70.0,8.3,100.0,,
Hawaii,Structural Iron and Steel Workers,120.0,140.0,20.0,16.7,20.0,,
Hawaii,Solar Photovoltaic Installers,290.0,500.0,210.0,72.4,70.0,,
Hawaii,"Helpers--Brickmasons, Blockmasons, Stonemasons, and Tile and Marble Setters",60.0,60.0,0.0,0.0,10.0,,
Hawaii,Helpers--Carpenters,70.0,70.0,0.0,0.0,10.0,,
Hawaii,Helpers--Electricians,520.0,550.0,30.0,5.8,80.0,,
Hawaii,"Helpers, Construction Trades, All Other",290.0,300.0,10.0,3.4,40.0,,
Hawaii,Construction and Building Inspectors,880.0,910.0,30.0,3.4,110.0,,
Hawaii,Elevator Installers and Repairers,210.0,240.0,30.0,14.3,30.0,,
Hawaii,Fence Erectors,130.0,140.0,10.0,7.7,20.0,,
Hawaii,Hazardous Materials Removal Workers,340.0,390.0,50.0,14.7,50.0,,
Hawaii,Septic Tank Servicers and Sewer Pipe Cleaners,40.0,50.0,10.0,25.0,10.0,,
Hawaii,Miscellaneous Construction and Related Workers,80.0,90.0,10.0,12.5,10.0,,
Hawaii,"First-Line Supervisors of Mechanics, Installers, and Repairers",2900.0,2970.0,70.0,2.4,280.0,,
Hawaii,"Computer, Automated Teller, and Office Machine Repairers",550.0,550.0,0.0,0.0,60.0,,
Hawaii,"Radio, Cellular, and Tower Equipment Installers and Repairs",150.0,160.0,10.0,6.7,20.0,,
Hawaii,"Telecommunications Equipment Installers and Repairers, Except Line Installers",1160.0,1180.0,20.0,1.7,130.0,,
Hawaii,Avionics Technicians,150.0,160.0,10.0,6.7,10.0,,
Hawaii,"Electrical and Electronics Repairers, Commercial and Industrial Equipment",430.0,440.0,10.0,2.3,40.0,,
Hawaii,Security and Fire Alarm Systems Installers,410.0,450.0,40.0,9.8,60.0,,
Hawaii,Aircraft Mechanics and Service Technicians,1540.0,1580.0,40.0,2.6,130.0,,
Hawaii,Automotive Body and Related Repairers,660.0,650.0,-10.0,-1.5,60.0,,
Hawaii,Automotive Glass Installers and Repairers,150.0,160.0,10.0,6.7,20.0,,
Hawaii,Automotive Service Technicians and Mechanics,3000.0,2810.0,-190.0,-6.3,260.0,,
Hawaii,Bus and Truck Mechanics and Diesel Engine Specialists,860.0,900.0,40.0,4.7,90.0,,
Hawaii,Farm Equipment Mechanics and Service Technicians,80.0,70.0,-10.0,-12.5,10.0,,
Hawaii,"Mobile Heavy Equipment Mechanics, Except Engines",580.0,600.0,20.0,3.4,60.0,,
Hawaii,Motorboat Mechanics and Service Technicians,90.0,100.0,10.0,11.1,10.0,,
Hawaii,Motorcycle Mechanics,120.0,120.0,0.0,0.0,10.0,,
Hawaii,Outdoor Power Equipment and Other Small Engine Mechanics,230.0,230.0,0.0,0.0,20.0,,
Hawaii,Tire Repairers and Changers,390.0,340.0,-50.0,-12.8,40.0,,
Hawaii,"Control and Valve Installers and Repairers, Except Mechanical Door",70.0,70.0,0.0,0.0,10.0,,
Hawaii,"Heating, Air Conditioning, and Refrigeration Mechanics and Installers",1180.0,1300.0,120.0,10.2,130.0,,
Hawaii,Home Appliance Repairers,250.0,250.0,0.0,0.0,30.0,,
Hawaii,Industrial Machinery Mechanics,770.0,790.0,20.0,2.6,70.0,,
Hawaii,"Maintenance Workers, Machinery",70.0,70.0,0.0,0.0,10.0,,
Hawaii,Electrical Power-Line Installers and Repairers,390.0,400.0,10.0,2.6,30.0,,
Hawaii,Telecommunications Line Installers and Repairers,370.0,360.0,-10.0,-2.7,40.0,,
Hawaii,Medical Equipment Repairers,170.0,170.0,0.0,0.0,20.0,,
Hawaii,"Precision Instrument and Equipment Repairers, All Other",220.0,220.0,0.0,0.0,20.0,,
Hawaii,"Maintenance and Repair Workers, General",7350.0,7750.0,400.0,5.4,770.0,,
Hawaii,"Coin, Vending, and Amusement Machine Servicers and Repairers",130.0,140.0,10.0,7.7,20.0,,
Hawaii,Riggers,290.0,310.0,20.0,6.9,30.0,,
Hawaii,"Helpers--Installation, Maintenance, and Repair Workers",450.0,470.0,20.0,4.4,60.0,,
Hawaii,"Installation, Maintenance, and Repair Workers, All Other",1640.0,1680.0,40.0,2.4,180.0,,
Hawaii,First-Line Supervisors of Production and Operating Workers,1440.0,1460.0,20.0,1.4,150.0,,
Hawaii,Structural Metal Fabricators and Fitters,110.0,100.0,-10.0,-9.1,10.0,,
Hawaii,"Assemblers and Fabricators, All Other, Including Team Assemblers",510.0,430.0,-80.0,-15.7,50.0,,
Hawaii,Bakers,1550.0,1620.0,70.0,4.5,220.0,,
Hawaii,Butchers and Meat Cutters,690.0,760.0,70.0,10.1,100.0,,
Hawaii,"Meat, Poultry, and Fish Cutters and Trimmers",670.0,740.0,70.0,10.4,90.0,,
Hawaii,Slaughterers and Meat Packers,100.0,100.0,0.0,0.0,10.0,,
Hawaii,"Food and Tobacco Roasting, Baking, and Drying Machine Operators and Tenders",110.0,110.0,0.0,0.0,20.0,,
Hawaii,Food Batchmakers,670.0,680.0,10.0,1.5,100.0,,
Hawaii,Food Cooking Machine Operators and Tenders,60.0,60.0,0.0,0.0,10.0,,
Hawaii,"Food Processing Workers, All Other",30.0,30.0,0.0,0.0,0.0,,
Hawaii,Machinists,280.0,290.0,10.0,3.6,30.0,,
Hawaii,"Welders, Cutters, Solderers, and Brazers",650.0,670.0,20.0,3.1,70.0,,
Hawaii,"Metal Workers and Plastic Workers, All Other",50.0,50.0,0.0,0.0,10.0,,
Hawaii,Printing Press Operators,260.0,220.0,-40.0,-15.4,20.0,,
Hawaii,Laundry and Dry-Cleaning Workers,1780.0,1760.0,-20.0,-1.1,230.0,,
Hawaii,"Pressers, Textile, Garment, and Related Materials",200.0,150.0,-50.0,-25.0,20.0,,
Hawaii,Sewing Machine Operators,380.0,340.0,-40.0,-10.5,40.0,,
Hawaii,"Tailors, Dressmakers, and Custom Sewers",190.0,170.0,-20.0,-10.5,20.0,,
Hawaii,Upholsterers,50.0,50.0,0.0,0.0,10.0,,
Hawaii,"Textile, Apparel, and Furnishings Workers, All Other",130.0,130.0,0.0,0.0,20.0,,
Hawaii,Cabinetmakers and Bench Carpenters,250.0,250.0,0.0,0.0,30.0,,
Hawaii,"Sawing Machine Setters, Operators, and Tenders, Wood",30.0,30.0,0.0,0.0,0.0,,
Hawaii,"Woodworking Machine Setters, Operators, and Tenders, Except Sawing",60.0,50.0,-10.0,-16.7,10.0,,
Hawaii,"Woodworkers, All Other",100.0,100.0,0.0,0.0,10.0,,
Hawaii,Power Plant Operators,220.0,210.0,-10.0,-4.5,20.0,,
Hawaii,Water and Wastewater Treatment Plant and System Operators,470.0,450.0,-20.0,-4.3,40.0,,
Hawaii,"Plant and System Operators, All Other",90.0,90.0,0.0,0.0,10.0,,
Hawaii,Chemical Equipment Operators and Tenders,20.0,20.0,0.0,0.0,0.0,,
Hawaii,"Separating, Filtering, Clarifying, Precipitating, and Still Machine Setters, Operators, and Tenders",120.0,120.0,0.0,0.0,10.0,,
Hawaii,"Grinding and Polishing Workers, Hand",40.0,30.0,-10.0,-25.0,0.0,,
Hawaii,"Mixing and Blending Machine Setters, Operators, and Tenders",130.0,120.0,-10.0,-7.7,20.0,,
Hawaii,"Cutters and Trimmers, Hand",40.0,30.0,-10.0,-25.0,0.0,,
Hawaii,"Cutting and Slicing Machine Setters, Operators, and Tenders",40.0,40.0,0.0,0.0,10.0,,
Hawaii,"Inspectors, Testers, Sorters, Samplers, and Weighers",1020.0,800.0,-220.0,-21.6,90.0,,
Hawaii,Jewelers and Precious Stone and Metal Workers,410.0,360.0,-50.0,-12.2,50.0,,
Hawaii,Dental Laboratory Technicians,180.0,200.0,20.0,11.1,30.0,,
Hawaii,Packaging and Filling Machine Operators and Tenders,650.0,670.0,20.0,3.1,80.0,,
Hawaii,"Coating, Painting, and Spraying Machine Setters, Operators, and Tenders",40.0,30.0,-10.0,-25.0,0.0,,
Hawaii,"Painters, Transportation Equipment",200.0,220.0,20.0,10.0,30.0,,
Hawaii,Photographic Process Workers and Processing Machine Operators,50.0,40.0,-10.0,-20.0,10.0,,
Hawaii,"Cleaning, Washing, and Metal Pickling Equipment Operators and Tenders",20.0,30.0,10.0,50.0,0.0,,
Hawaii,"Molders, Shapers, and Casters, Except Metal and Plastic",110.0,100.0,-10.0,-9.1,10.0,,
Hawaii,Helpers--Production Workers,380.0,390.0,10.0,2.6,60.0,,
Hawaii,"Production Workers, All Other",170.0,170.0,0.0,0.0,20.0,,
Hawaii,Aircraft Cargo Handling Supervisors,100.0,110.0,10.0,10.0,10.0,,
Hawaii,"First-Line Supervisors of Transportation and Material Moving Workers, Except Aircraft Cargo Handling Supervisors",2200.0,2330.0,130.0,5.9,250.0,,
Hawaii,"Airline Pilots, Copilots, and Flight Engineers",1040.0,1110.0,70.0,6.7,120.0,,
Hawaii,Commercial Pilots,340.0,370.0,30.0,8.8,40.0,,
Hawaii,Airfield Operations Specialists,630.0,720.0,90.0,14.3,70.0,,
Hawaii,"Bus Drivers, Transit and Intercity",2470.0,2620.0,150.0,6.1,340.0,,
Hawaii,"Bus Drivers, School or Special Client",1110.0,1170.0,60.0,5.4,150.0,,
Hawaii,Driver/Sales Workers,1650.0,1640.0,-10.0,-0.6,190.0,,
Hawaii,Heavy and Tractor-Trailer Truck Drivers,3690.0,3830.0,140.0,3.8,440.0,,
Hawaii,Light Truck or Delivery Services Drivers,5240.0,5500.0,260.0,5.0,640.0,,
Hawaii,Taxi Drivers and Chauffeurs,2390.0,2770.0,380.0,15.9,320.0,,
Hawaii,"Captains, Mates, and Pilots of Water Vessels",1390.0,1390.0,0.0,0.0,130.0,,
Hawaii,Parking Lot Attendants,1870.0,1870.0,0.0,0.0,290.0,,
Hawaii,Automotive and Watercraft Service Attendants,260.0,250.0,-10.0,-3.8,40.0,,
Hawaii,Transportation Inspectors,170.0,180.0,10.0,5.9,20.0,,
Hawaii,"Transportation Attendants, Except Flight Attendants",1170.0,1200.0,30.0,2.6,160.0,,
Hawaii,"Transportation Workers, All Other",740.0,780.0,40.0,5.4,80.0,,
Hawaii,Conveyor Operators and Tenders,150.0,160.0,10.0,6.7,20.0,,
Hawaii,Crane and Tower Operators,140.0,140.0,0.0,0.0,20.0,,
Hawaii,Excavating and Loading Machine and Dragline Operators,140.0,140.0,0.0,0.0,20.0,,
Hawaii,Industrial Truck and Tractor Operators,890.0,910.0,20.0,2.2,100.0,,
Hawaii,Cleaners of Vehicles and Equipment,2060.0,2140.0,80.0,3.9,310.0,,
Hawaii,"Laborers and Freight, Stock, and Material Movers, Hand",7480.0,7780.0,300.0,4.0,1090.0,,
Hawaii,Machine Feeders and Offbearers,110.0,80.0,-30.0,-27.3,10.0,,
Hawaii,"Packers and Packagers, Hand",2880.0,2780.0,-100.0,-3.5,400.0,,
Hawaii,Refuse and Recyclable Material Collectors,640.0,690.0,50.0,7.8,100.0,,
Hawaii,"Material Moving Workers, All Other",130.0,130.0,0.0,0.0,20.0,,
,,,,,,,,
,,,,,,,,
,,,,,,,,
,,,,,,,,
,,,,,,,,
,,,,,,,,
,,,,,,,,
,,,,,,,,
,,,,,,,,
,,,,,,,,
,,,,,,,,
,,,,,,,,
,,,,,,,,
,,,,,,,,
,,,,,,,,
,,,,,,,,
,,,,,,,,
,,,,,,,,
,,,,,,,,
,,,,,,,,
,,,,,,,,
,,,,,,,,
,,,,,,,,
,,,,,,,,
,,,,,,,,
,,,,,,,,
,,,,,,,,
,,,,,,,,
,,,,,,,,
,,,,,,,,
,,,,,,,,
,,,,,,,,
,,,,,,,,
,,,,,,,,
,,,,,,,,
,,,,,,,,
,,,,,,,,
,,,,,,,,
,,,,,,,,
,,,,,,,,
,,,,,,,,
,,,,,,,,
,,,,,,,,
,,,,,,,,
,,,,,,,,
,,,,,,,,
,,,,,,,,
,,,,,,,,
,,,,,,,,
,,,,,,,,
,,,,,,,,
,,,,,,,,
